marketplace,categoria,titulo,ranking_venda,preco,link_produto,link_imagem_produto,data_extracao
Mercado Livre,Games,Cadeira de Escritório Pctop Office Fit 1001 9050 Ergonômica Preta com Estofado de Mesh y Tecido,1,195,https://www.mercadolivre.com.br/cadeira-de-escritorio-pctop-office-fit-1001-9050-ergonmica-preta-com-estofado-de-mesh-y-tecido/p/MLB17810620#c_container_id=not_apply&c_id=%2Fsplinter%2Fcarouseldynamicitem&c_element_order=1&c_campaign=games&c_label=%2Fsplinter%2Fcarouseldynamicitem&c_uid=830974f1-2ace-11f0-896c-ef58f407f176&c_element_id=830974f1-2ace-11f0-896c-ef58f407f176&c_global_position=2,https://http2.mlstatic.com/D_Q_NP_971471-MLA46389734628_062021-P.webp,2025-05-06 20:04:50.205833
Mercado Livre,Games,Ssd M.2 Nvme 4.0 1tb Kingston Nv3 2280 6000mb/s E 4000 Mb/s Cor Azul-escuro,2,417,https://www.mercadolivre.com.br/ssd-m2-nvme-40-1tb-kingston-nv3-2280-6000mbs-e-4000-mbs-cor-azul-escuro/p/MLB39766120#c_container_id=not_apply&c_id=%2Fsplinter%2Fcarouseldynamicitem&c_element_order=2&c_campaign=games&c_label=%2Fsplinter%2Fcarouseldynamicitem&c_uid=830974f2-2ace-11f0-896c-ef58f407f176&c_element_id=830974f2-2ace-11f0-896c-ef58f407f176&c_global_position=2,https://http2.mlstatic.com/D_Q_NP_821973-MLA81427650462_122024-P.webp,2025-05-06 20:04:50.205833
Mercado Livre,Games,Controle Playstation 5 sem fio Dualsense Ps5 cor branco/preto,3,439,https://www.mercadolivre.com.br/controle-playstation-5-sem-fio-dualsense-ps5-cor-brancopreto/p/MLB16212928#c_container_id=not_apply&c_id=%2Fsplinter%2Fcarouseldynamicitem&c_element_order=3&c_campaign=games&c_label=%2Fsplinter%2Fcarouseldynamicitem&c_uid=830974f3-2ace-11f0-896c-ef58f407f176&c_element_id=830974f3-2ace-11f0-896c-ef58f407f176&c_global_position=2,https://http2.mlstatic.com/D_Q_NP_653979-MLU75209281062_032024-P.webp,2025-05-06 20:04:50.205833
Mercado Livre,Games,Console PlayStation 5 Midia Fisica Slim Branco 1TB Returnal e Ratchet e Clank Controle Sem Fio Dualsense Branco,4,3,https://www.mercadolivre.com.br/console-playstation-5-midia-fisica-slim-branco-1tb-returnal-e-ratchet-e-clank-controle-sem-fio-dualsense-branco/p/MLB39459985#c_container_id=not_apply&c_id=%2Fsplinter%2Fcarouseldynamicitem&c_element_order=4&c_campaign=games&c_label=%2Fsplinter%2Fcarouseldynamicitem&c_uid=830974f4-2ace-11f0-896c-ef58f407f176&c_element_id=830974f4-2ace-11f0-896c-ef58f407f176&c_global_position=2,https://http2.mlstatic.com/D_Q_NP_697302-MLU78076147107_072024-P.webp,2025-05-06 20:04:50.205833
Mercado Livre,Games,Controle Xbox Wireless Series X|s Carbon black,5,408,https://www.mercadolivre.com.br/controle-xbox-wireless-series-xs-carbon-black/p/MLB16268160#c_container_id=not_apply&c_id=%2Fsplinter%2Fcarouseldynamicitem&c_element_order=5&c_campaign=games&c_label=%2Fsplinter%2Fcarouseldynamicitem&c_uid=830974f5-2ace-11f0-896c-ef58f407f176&c_element_id=830974f5-2ace-11f0-896c-ef58f407f176&c_global_position=2,https://http2.mlstatic.com/D_Q_NP_903265-MLU72824211081_112023-P.webp,2025-05-06 20:04:50.205833
Mercado Livre,Games,Fone De Ouvido Gamer Headset Ps4 Pc Xbox One Series S/x P2 Cor Preto,6,50,https://www.mercadolivre.com.br/fone-de-ouvido-gamer-headset-ps4-pc-xbox-one-series-sx-p2-cor-preto/p/MLB20352802#c_container_id=not_apply&c_id=%2Fsplinter%2Fcarouseldynamicitem&c_element_order=6&c_campaign=games&c_label=%2Fsplinter%2Fcarouseldynamicitem&c_uid=830974f6-2ace-11f0-896c-ef58f407f176&c_element_id=830974f6-2ace-11f0-896c-ef58f407f176&c_global_position=2,https://http2.mlstatic.com/D_Q_NP_854867-MLU77348199261_062024-P.webp,2025-05-06 20:04:50.205833
Mercado Livre,Games,Base De Carregamento Controle Dualsense Ps5 Sony CFI-ZDS1R,7,179,https://www.mercadolivre.com.br/base-de-carregamento-controle-dualsense-ps5-sony-cfi-zds1r/p/MLB41177605#c_container_id=not_apply&c_id=%2Fsplinter%2Fcarouseldynamicitem&c_element_order=7&c_campaign=games&c_label=%2Fsplinter%2Fcarouseldynamicitem&c_uid=830974f7-2ace-11f0-896c-ef58f407f176&c_element_id=830974f7-2ace-11f0-896c-ef58f407f176&c_global_position=2,https://http2.mlstatic.com/D_Q_NP_630797-MLA79306814738_092024-P.webp,2025-05-06 20:04:50.205833
Mercado Livre,Games,Controle Gamesir T4 Nova Lite Sem Fio Para Pc Switch Android Ios Steam Celular Hall Effect Cor Branco,8,202,https://www.mercadolivre.com.br/controle-gamesir-t4-nova-lite-sem-fio-para-pc-switch-android-ios-steam-celular-hall-effect-cor-branco/p/MLB36695087#c_container_id=not_apply&c_id=%2Fsplinter%2Fcarouseldynamicitem&c_element_order=8&c_campaign=games&c_label=%2Fsplinter%2Fcarouseldynamicitem&c_uid=830974f8-2ace-11f0-896c-ef58f407f176&c_element_id=830974f8-2ace-11f0-896c-ef58f407f176&c_global_position=2,https://http2.mlstatic.com/D_Q_NP_769930-MLU77931866912_082024-P.webp,2025-05-06 20:04:50.205833
Mercado Livre,Games,Headset Gamer Havit H2002d Fone de ouvido over-ear gamer Vermelho Compatível com PS4/PS5/xbox/One/Series/pc,9,254,https://www.mercadolivre.com.br/headset-gamer-havit-h2002d-fone-de-ouvido-over-ear-gamer-vermelho-compativel-com-ps4ps5xboxoneseriespc/p/MLB15830186#c_container_id=not_apply&c_id=%2Fsplinter%2Fcarouseldynamicitem&c_element_order=9&c_campaign=games&c_label=%2Fsplinter%2Fcarouseldynamicitem&c_uid=830974f9-2ace-11f0-896c-ef58f407f176&c_element_id=830974f9-2ace-11f0-896c-ef58f407f176&c_global_position=2,https://http2.mlstatic.com/D_Q_NP_744659-MLU77327336701_062024-P.webp,2025-05-06 20:04:50.205833
Mercado Livre,Games,Ssd Kingston 480GB Sata III A400 SA400S37/480G Preto,10,284,https://www.mercadolivre.com.br/ssd-kingston-480gb-sata-iii-a400-sa400s37480g-preto/p/MLB27966626#c_container_id=not_apply&c_id=%2Fsplinter%2Fcarouseldynamicitem&c_element_order=10&c_campaign=games&c_label=%2Fsplinter%2Fcarouseldynamicitem&c_uid=830974fa-2ace-11f0-896c-ef58f407f176&c_element_id=830974fa-2ace-11f0-896c-ef58f407f176&c_global_position=2,https://http2.mlstatic.com/D_Q_NP_603054-MLU72717454543_112023-P.webp,2025-05-06 20:04:50.205833
Mercado Livre,Games,"SSD 1TB Sata 3.0 6 GB/s Interno SanDisk Plus SDSSDA-1T00-G27 2,5 Polegadas Velocidade de Leitura Até 535 MB/s e Gravação Até 350 MB/s Preto",11,385,https://www.mercadolivre.com.br/ssd-1tb-sata-30-6-gbs-interno-sandisk-plus-sdssda-1t00-g27-25-polegadas-velocidade-de-leitura-ate-535-mbs-e-gravaco-ate-350-mbs-preto/p/MLB23032508#c_container_id=not_apply&c_id=%2Fsplinter%2Fcarouseldynamicitem&c_element_order=11&c_campaign=games&c_label=%2Fsplinter%2Fcarouseldynamicitem&c_uid=830974fb-2ace-11f0-896c-ef58f407f176&c_element_id=830974fb-2ace-11f0-896c-ef58f407f176&c_global_position=2,https://http2.mlstatic.com/D_Q_NP_836696-MLU69223186593_052023-P.webp,2025-05-06 20:04:50.205833
Mercado Livre,Games,Controle Playstation Dualshock 4 Berry Blue - Ps4,12,799,https://www.mercadolivre.com.br/controle-playstation-dualshock-4-berry-blue-ps4/p/MLB15085750#c_container_id=not_apply&c_id=%2Fsplinter%2Fcarouseldynamicitem&c_element_order=12&c_campaign=games&c_label=%2Fsplinter%2Fcarouseldynamicitem&c_uid=830974fc-2ace-11f0-896c-ef58f407f176&c_element_id=830974fc-2ace-11f0-896c-ef58f407f176&c_global_position=2,https://http2.mlstatic.com/D_Q_NP_663000-MLU75121026695_032024-P.webp,2025-05-06 20:04:50.205833
Mercado Livre,Games,Controle GameSir G7 SE com Fio para Xbox One Series S X PC Hall Effect Botões Mecânicos Cor Laranja,13,390,https://www.mercadolivre.com.br/controle-gamesir-g7-se-com-fio-para-xbox-one-series-s-x-pc-hall-effect-botoes-mecnicos-cor-laranja/p/MLB41146585#c_container_id=not_apply&c_id=%2Fsplinter%2Fcarouseldynamicitem&c_element_order=13&c_campaign=games&c_label=%2Fsplinter%2Fcarouseldynamicitem&c_uid=830974fd-2ace-11f0-896c-ef58f407f176&c_element_id=830974fd-2ace-11f0-896c-ef58f407f176&c_global_position=2,https://http2.mlstatic.com/D_Q_NP_886082-MLA79516123513_092024-P.webp,2025-05-06 20:04:50.205833
Mercado Livre,Games,Cartão De Memória 128gb Sandisk Ultra Velocidade de Leitura 100MB/s MicroSDXC Com Adaptador Sd SDSQUNR-128G-GN3MA,14,25,https://www.mercadolivre.com.br/carto-de-memoria-128gb-sandisk-ultra-velocidade-de-leitura-100mbs-microsdxc-com-adaptador-sd-sdsqunr-128g-gn3ma/p/MLB19712397#c_container_id=not_apply&c_id=%2Fsplinter%2Fcarouseldynamicitem&c_element_order=14&c_campaign=games&c_label=%2Fsplinter%2Fcarouseldynamicitem&c_uid=830974fe-2ace-11f0-896c-ef58f407f176&c_element_id=830974fe-2ace-11f0-896c-ef58f407f176&c_global_position=2,https://http2.mlstatic.com/D_Q_NP_616102-MLU78496547468_082024-P.webp,2025-05-06 20:04:50.205833
Mercado Livre,Games,SSD240GB Adata 3 2.5 SU650 ASU650SS-240GT-R 240GB preto,15,165,https://www.mercadolivre.com.br/ssd240gb-adata-3-25-su650-asu650ss-240gt-r-240gb-preto/p/MLB15749699#c_container_id=not_apply&c_id=%2Fsplinter%2Fcarouseldynamicitem&c_element_order=15&c_campaign=games&c_label=%2Fsplinter%2Fcarouseldynamicitem&c_uid=830974ff-2ace-11f0-896c-ef58f407f176&c_element_id=830974ff-2ace-11f0-896c-ef58f407f176&c_global_position=2,https://http2.mlstatic.com/D_Q_NP_892218-MLU71801814925_092023-P.webp,2025-05-06 20:04:50.205833
Mercado Livre,Games,Controle Sem Fio Microsoft Xbox Wireless Series X|s Cor Carbon black,16,419,https://www.mercadolivre.com.br/controle-sem-fio-microsoft-xbox-wireless-series-xs-cor-carbon-black/p/MLB26089834#c_container_id=not_apply&c_id=%2Fsplinter%2Fcarouseldynamicitem&c_element_order=16&c_campaign=games&c_label=%2Fsplinter%2Fcarouseldynamicitem&c_uid=83097500-2ace-11f0-896c-ef58f407f176&c_element_id=83097500-2ace-11f0-896c-ef58f407f176&c_global_position=2,https://http2.mlstatic.com/D_Q_NP_878867-MLU78711884934_092024-P.webp,2025-05-06 20:04:50.205833
Mercado Livre,Games,SSD m.2 2280 1TB Western Digital WD Green SN350 NVMe PCIe WDS100T3G0C Velocidade de Leitura até 3200MBs e Gravação até 2500MBs Verde,17,399,https://www.mercadolivre.com.br/ssd-m2-2280-1tb-western-digital-wd-green-sn350-nvme-pcie-wds100t3g0c-velocidade-de-leitura-ate-3200mbs-e-gravaco-ate-2500mbs-verde/p/MLB21441181#c_container_id=not_apply&c_id=%2Fsplinter%2Fcarouseldynamicitem&c_element_order=17&c_campaign=games&c_label=%2Fsplinter%2Fcarouseldynamicitem&c_uid=83097501-2ace-11f0-896c-ef58f407f176&c_element_id=83097501-2ace-11f0-896c-ef58f407f176&c_global_position=2,https://http2.mlstatic.com/D_Q_NP_966050-MLA74807973305_022024-P.webp,2025-05-06 20:04:50.205833
Mercado Livre,Games,"Headset Gamer Evolut Eg306, Led Rainbow, Multi Plataforma Cor Preto Luz Rainbow",18,71,https://www.mercadolivre.com.br/headset-gamer-evolut-eg306-led-rainbow-multi-plataforma-cor-preto-luz-rainbow/p/MLB21050012#c_container_id=not_apply&c_id=%2Fsplinter%2Fcarouseldynamicitem&c_element_order=18&c_campaign=games&c_label=%2Fsplinter%2Fcarouseldynamicitem&c_uid=83097502-2ace-11f0-896c-ef58f407f176&c_element_id=83097502-2ace-11f0-896c-ef58f407f176&c_global_position=2,https://http2.mlstatic.com/D_Q_NP_670501-MLU77341089745_062024-P.webp,2025-05-06 20:04:50.205833
Mercado Livre,Games,Fone de ouvido Sem Fio Bluetooth C/ Microfone Recarregável Max P9 Ai Cor Preto,19,39,https://www.mercadolivre.com.br/fone-de-ouvido-sem-fio-bluetooth-c-microfone-recarregavel-max-p9-ai-cor-preto/p/MLB25915114#c_container_id=not_apply&c_id=%2Fsplinter%2Fcarouseldynamicitem&c_element_order=19&c_campaign=games&c_label=%2Fsplinter%2Fcarouseldynamicitem&c_uid=83097503-2ace-11f0-896c-ef58f407f176&c_element_id=83097503-2ace-11f0-896c-ef58f407f176&c_global_position=2,https://http2.mlstatic.com/D_Q_NP_731496-MLA83941626930_042025-P.webp,2025-05-06 20:04:50.205833
Mercado Livre,Games,Fone De Ouvido In-ear Gamer Qkz Premium Ak6,20,42,https://www.mercadolivre.com.br/fone-de-ouvido-in-ear-gamer-qkz-premium-ak6/p/MLB38303054#c_container_id=not_apply&c_id=%2Fsplinter%2Fcarouseldynamicitem&c_element_order=20&c_campaign=games&c_label=%2Fsplinter%2Fcarouseldynamicitem&c_uid=83097504-2ace-11f0-896c-ef58f407f176&c_element_id=83097504-2ace-11f0-896c-ef58f407f176&c_global_position=2,https://http2.mlstatic.com/D_Q_NP_744956-MLU78954849624_092024-P.webp,2025-05-06 20:04:50.205833
Mercado Livre,Eletrodomésticos,"Liquidificador Mondial Turbo Power C/ Filtro Copo 1,6l 500w Cor Branco 220V",1,162,https://www.mercadolivre.com.br/liquidificador-mondial-turbo-power-c-filtro-copo-16l-500w-cor-branco-220v/p/MLB26450814#c_container_id=not_apply&c_id=%2Fsplinter%2Fcarouseldynamicitem&c_element_order=1&c_campaign=eletrodomesticos&c_label=%2Fsplinter%2Fcarouseldynamicitem&c_uid=83097505-2ace-11f0-896c-ef58f407f176&c_element_id=83097505-2ace-11f0-896c-ef58f407f176&c_global_position=3,https://http2.mlstatic.com/D_Q_NP_739626-MLU71232882218_082023-P.webp,2025-05-06 20:04:50.205833
Mercado Livre,Eletrodomésticos,Liquidificador PH900 Com 12 Velocidades 1200W Cor Preto Philco 127V,2,118,https://www.mercadolivre.com.br/liquidificador-ph900-com-12-velocidades-1200w-cor-preto-philco-127v/p/MLB15578941#c_container_id=not_apply&c_id=%2Fsplinter%2Fcarouseldynamicitem&c_element_order=2&c_campaign=eletrodomesticos&c_label=%2Fsplinter%2Fcarouseldynamicitem&c_uid=83097506-2ace-11f0-896c-ef58f407f176&c_element_id=83097506-2ace-11f0-896c-ef58f407f176&c_global_position=3,https://http2.mlstatic.com/D_Q_NP_601586-MLA78076031678_082024-P.webp,2025-05-06 20:04:50.205833
Mercado Livre,Eletrodomésticos,Sanduicheira Elétrica Cadence SAN400 Potência de 750W Preto 220V,3,125,https://www.mercadolivre.com.br/sanduicheira-eletrica-cadence-san400-potncia-de-750w-preto-220v/p/MLB25741527#c_container_id=not_apply&c_id=%2Fsplinter%2Fcarouseldynamicitem&c_element_order=3&c_campaign=eletrodomesticos&c_label=%2Fsplinter%2Fcarouseldynamicitem&c_uid=83097507-2ace-11f0-896c-ef58f407f176&c_element_id=83097507-2ace-11f0-896c-ef58f407f176&c_global_position=3,https://http2.mlstatic.com/D_Q_NP_818827-MLU78233291750_082024-P.webp,2025-05-06 20:04:50.205833
Mercado Livre,Eletrodomésticos,Britânia BAS1295P aspirador de pó 2 em 1 1250w preto 110V,4,189,https://www.mercadolivre.com.br/britnia-bas1295p-aspirador-de-po-2-em-1-1250w-preto-110v/p/MLB25860033#c_container_id=not_apply&c_id=%2Fsplinter%2Fcarouseldynamicitem&c_element_order=4&c_campaign=eletrodomesticos&c_label=%2Fsplinter%2Fcarouseldynamicitem&c_uid=83097508-2ace-11f0-896c-ef58f407f176&c_element_id=83097508-2ace-11f0-896c-ef58f407f176&c_global_position=3,https://http2.mlstatic.com/D_Q_NP_856254-MLU75812427918_042024-P.webp,2025-05-06 20:04:50.205833
Mercado Livre,Eletrodomésticos,Filtro/Refil Original de Água Acqua Pure para Purificador de água Electrolux PE12A/PE12B/PE12G/PE12V,5,84,https://www.mercadolivre.com.br/filtrorefil-original-de-agua-acqua-pure-para-purificador-de-agua-electrolux-pe12ape12bpe12gpe12v/p/MLB27864827#c_container_id=not_apply&c_id=%2Fsplinter%2Fcarouseldynamicitem&c_element_order=5&c_campaign=eletrodomesticos&c_label=%2Fsplinter%2Fcarouseldynamicitem&c_uid=83097509-2ace-11f0-896c-ef58f407f176&c_element_id=83097509-2ace-11f0-896c-ef58f407f176&c_global_position=3,https://http2.mlstatic.com/D_Q_NP_762209-MLA82995835276_032025-P.webp,2025-05-06 20:04:50.205833
Mercado Livre,Eletrodomésticos,Ventilador de Mesa 30cm Super Power Mondial Preto 60W 6 Pás VSP-30-B - 127V,6,107,https://www.mercadolivre.com.br/ventilador-de-mesa-30cm-super-power-mondial-preto-60w-6-pas-vsp-30-b-127v/p/MLB18932156#c_container_id=not_apply&c_id=%2Fsplinter%2Fcarouseldynamicitem&c_element_order=6&c_campaign=eletrodomesticos&c_label=%2Fsplinter%2Fcarouseldynamicitem&c_uid=8309750a-2ace-11f0-896c-ef58f407f176&c_element_id=8309750a-2ace-11f0-896c-ef58f407f176&c_global_position=3,https://http2.mlstatic.com/D_Q_NP_798840-MLA52223242014_102022-P.webp,2025-05-06 20:04:50.205833
Mercado Livre,Eletrodomésticos,Micro-ondas Electrolux 23L Preto Efficient com Descongelamento Assistido (ME23P) 127V,7,899,https://www.mercadolivre.com.br/micro-ondas-electrolux-23l-preto-efficient-com-descongelamento-assistido-me23p-127v/p/MLB19617677#c_container_id=not_apply&c_id=%2Fsplinter%2Fcarouseldynamicitem&c_element_order=7&c_campaign=eletrodomesticos&c_label=%2Fsplinter%2Fcarouseldynamicitem&c_uid=8309750b-2ace-11f0-896c-ef58f407f176&c_element_id=8309750b-2ace-11f0-896c-ef58f407f176&c_global_position=3,https://http2.mlstatic.com/D_Q_NP_632345-MLU78337184701_082024-P.webp,2025-05-06 20:04:50.205833
Mercado Livre,Eletrodomésticos,Escova Secadora de Cabelos Britânia Bec07r Soft 4 Em 1 1300w Cabo Giratório Rosa Bivolt,8,139,https://www.mercadolivre.com.br/escova-secadora-de-cabelos-britnia-bec07r-soft-4-em-1-1300w-cabo-giratorio-rosa-bivolt/p/MLB19694427#c_container_id=not_apply&c_id=%2Fsplinter%2Fcarouseldynamicitem&c_element_order=8&c_campaign=eletrodomesticos&c_label=%2Fsplinter%2Fcarouseldynamicitem&c_uid=8309750c-2ace-11f0-896c-ef58f407f176&c_element_id=8309750c-2ace-11f0-896c-ef58f407f176&c_global_position=3,https://http2.mlstatic.com/D_Q_NP_939258-MLU75809032162_042024-P.webp,2025-05-06 20:04:50.205833
Mercado Livre,Eletrodomésticos,Mixer Turbo Chef 3 Em 1 200w Triturador E Fuet 127v Elgin,9,119,https://www.mercadolivre.com.br/mixer-turbo-chef-3-em-1-200w-triturador-e-fuet-127v-elgin/p/MLB18709030#c_container_id=not_apply&c_id=%2Fsplinter%2Fcarouseldynamicitem&c_element_order=9&c_campaign=eletrodomesticos&c_label=%2Fsplinter%2Fcarouseldynamicitem&c_uid=8309750d-2ace-11f0-896c-ef58f407f176&c_element_id=8309750d-2ace-11f0-896c-ef58f407f176&c_global_position=3,https://http2.mlstatic.com/D_Q_NP_953357-MLU71001546630_082023-P.webp,2025-05-06 20:04:50.205833
Mercado Livre,Eletrodomésticos,Liquidificador Mondial 3 Velocidades Preto/cinza 550w L-93-BG Cor Preto 127V,10,89,https://www.mercadolivre.com.br/liquidificador-mondial-3-velocidades-pretocinza-550w-l-93-bg-cor-preto-127v/p/MLB46053181#c_container_id=not_apply&c_id=%2Fsplinter%2Fcarouseldynamicitem&c_element_order=10&c_campaign=eletrodomesticos&c_label=%2Fsplinter%2Fcarouseldynamicitem&c_uid=8309750e-2ace-11f0-896c-ef58f407f176&c_element_id=8309750e-2ace-11f0-896c-ef58f407f176&c_global_position=3,https://http2.mlstatic.com/D_Q_NP_742139-MLA83176622890_042025-P.webp,2025-05-06 20:04:50.205833
Mercado Livre,Eletrodomésticos,Aspirador de Pó Vertical com Fio Portátil de Mão 2 em 1 1450w com Cabo Elétrico de 6 Metros e 1.6 Litros com Filtro Hepa Electrolux STK15 Cinza Urban Grey 220v,11,226,https://www.mercadolivre.com.br/aspirador-de-po-vertical-com-fio-portatil-de-mo-2-em-1-1450w-com-cabo-eletrico-de-6-metros-e-16-litros-com-filtro-hepa-electrolux-stk15-cinza-urban-grey-220v/p/MLB18238727#c_container_id=not_apply&c_id=%2Fsplinter%2Fcarouseldynamicitem&c_element_order=11&c_campaign=eletrodomesticos&c_label=%2Fsplinter%2Fcarouseldynamicitem&c_uid=8309750f-2ace-11f0-896c-ef58f407f176&c_element_id=8309750f-2ace-11f0-896c-ef58f407f176&c_global_position=3,https://http2.mlstatic.com/D_Q_NP_998337-MLA79461277421_092024-P.webp,2025-05-06 20:04:50.205833
Mercado Livre,Eletrodomésticos,Liquidificador Easy Power Mondial Vermelho 550w L-550-R,12,101,https://www.mercadolivre.com.br/liquidificador-easy-power-mondial-vermelho-550w-l-550-r/p/MLB18997754#c_container_id=not_apply&c_id=%2Fsplinter%2Fcarouseldynamicitem&c_element_order=12&c_campaign=eletrodomesticos&c_label=%2Fsplinter%2Fcarouseldynamicitem&c_uid=83097510-2ace-11f0-896c-ef58f407f176&c_element_id=83097510-2ace-11f0-896c-ef58f407f176&c_global_position=3,https://http2.mlstatic.com/D_Q_NP_697920-MLU72756927148_112023-P.webp,2025-05-06 20:04:50.205833
Mercado Livre,Eletrodomésticos,Sanduicheira Master Grill Mondial Inox S-20 110v 60hz Cor Cinza,13,112,https://www.mercadolivre.com.br/sanduicheira-master-grill-mondial-inox-s-20-110v-60hz-cor-cinza/p/MLB23418958#c_container_id=not_apply&c_id=%2Fsplinter%2Fcarouseldynamicitem&c_element_order=13&c_campaign=eletrodomesticos&c_label=%2Fsplinter%2Fcarouseldynamicitem&c_uid=83097511-2ace-11f0-896c-ef58f407f176&c_element_id=83097511-2ace-11f0-896c-ef58f407f176&c_global_position=3,https://http2.mlstatic.com/D_Q_NP_981061-MLU78233175803_082024-P.webp,2025-05-06 20:04:50.205833
Mercado Livre,Eletrodomésticos,Prancha Lizze Chapinha Extreme Profissional 480ºf Salão Cor Cinza,14,439,https://www.mercadolivre.com.br/prancha-lizze-chapinha-extreme-profissional-480f-salo-cor-cinza/p/MLB24027627#c_container_id=not_apply&c_id=%2Fsplinter%2Fcarouseldynamicitem&c_element_order=14&c_campaign=eletrodomesticos&c_label=%2Fsplinter%2Fcarouseldynamicitem&c_uid=83097512-2ace-11f0-896c-ef58f407f176&c_element_id=83097512-2ace-11f0-896c-ef58f407f176&c_global_position=3,https://http2.mlstatic.com/D_Q_NP_612883-MLU72566257512_112023-P.webp,2025-05-06 20:04:50.205833
Mercado Livre,Eletrodomésticos,Secador Taiff Style 2000w Motor Ac Preto - 110v 127V,15,220,https://www.mercadolivre.com.br/secador-taiff-style-2000w-motor-ac-preto-110v-127v/p/MLB18920578#c_container_id=not_apply&c_id=%2Fsplinter%2Fcarouseldynamicitem&c_element_order=15&c_campaign=eletrodomesticos&c_label=%2Fsplinter%2Fcarouseldynamicitem&c_uid=83097513-2ace-11f0-896c-ef58f407f176&c_element_id=83097513-2ace-11f0-896c-ef58f407f176&c_global_position=3,https://http2.mlstatic.com/D_Q_NP_669316-MLA52218052396_102022-P.webp,2025-05-06 20:04:50.205833
Mercado Livre,Eletrodomésticos,Cooktop a gás Itatiaia Branco 5 Bocas Itamaster Bivolt 127V/220V 3700000344,16,575,https://www.mercadolivre.com.br/cooktop-a-gas-itatiaia-branco-5-bocas-itamaster-bivolt-127v220v-3700000344/p/MLB27361051#c_container_id=not_apply&c_id=%2Fsplinter%2Fcarouseldynamicitem&c_element_order=16&c_campaign=eletrodomesticos&c_label=%2Fsplinter%2Fcarouseldynamicitem&c_uid=83097514-2ace-11f0-896c-ef58f407f176&c_element_id=83097514-2ace-11f0-896c-ef58f407f176&c_global_position=3,https://http2.mlstatic.com/D_Q_NP_752910-MLU77142163434_062024-P.webp,2025-05-06 20:04:50.205833
Mercado Livre,Eletrodomésticos,"Aspirador pó vertical com fio portátil de mão 2 em 1 potente 1450W cabo 5m capacidade 1,6L filtro HEPA Electrolux STK14 Azul Denim 110v",17,217,https://www.mercadolivre.com.br/aspirador-po-vertical-com-fio-portatil-de-mo-2-em-1-potente-1450w-cabo-5m-capacidade-16l-filtro-hepa-electrolux-stk14-azul-denim-110v/p/MLB18185615#c_container_id=not_apply&c_id=%2Fsplinter%2Fcarouseldynamicitem&c_element_order=17&c_campaign=eletrodomesticos&c_label=%2Fsplinter%2Fcarouseldynamicitem&c_uid=83097515-2ace-11f0-896c-ef58f407f176&c_element_id=83097515-2ace-11f0-896c-ef58f407f176&c_global_position=3,https://http2.mlstatic.com/D_Q_NP_744233-MLA47476791400_092021-P.webp,2025-05-06 20:04:50.205833
Mercado Livre,Eletrodomésticos,Grill E Sanduicheira Pgr21pi Maxx Clean 1000w Cinza Philco 220V,18,132,https://www.mercadolivre.com.br/grill-e-sanduicheira-pgr21pi-maxx-clean-1000w-cinza-philco-220v/p/MLB28017294#c_container_id=not_apply&c_id=%2Fsplinter%2Fcarouseldynamicitem&c_element_order=18&c_campaign=eletrodomesticos&c_label=%2Fsplinter%2Fcarouseldynamicitem&c_uid=83097516-2ace-11f0-896c-ef58f407f176&c_element_id=83097516-2ace-11f0-896c-ef58f407f176&c_global_position=3,https://http2.mlstatic.com/D_Q_NP_876098-MLU72893039256_112023-P.webp,2025-05-06 20:04:50.205833
Mercado Livre,Eletrodomésticos,"Cafeteira Elétrica Electrolux Jarra vidro, acabamento inox filtro Permanente Removível Sistema Corta Pingos Capacidade 15 xicaras 600ml ECM10 127V",19,122,https://www.mercadolivre.com.br/cafeteira-eletrica-electrolux-jarra-vidro-acabamento-inox-filtro-permanente-removivel-sistema-corta-pingos-capacidade-15-xicaras-600ml-ecm10-127v/p/MLB18927373#c_container_id=not_apply&c_id=%2Fsplinter%2Fcarouseldynamicitem&c_element_order=19&c_campaign=eletrodomesticos&c_label=%2Fsplinter%2Fcarouseldynamicitem&c_uid=83097517-2ace-11f0-896c-ef58f407f176&c_element_id=83097517-2ace-11f0-896c-ef58f407f176&c_global_position=3,https://http2.mlstatic.com/D_Q_NP_885723-MLU75812418576_042024-P.webp,2025-05-06 20:04:50.205833
Mercado Livre,Eletrodomésticos,Balança de cozinha digital Balança digital SF-400 pesa até 10kg branco,20,8,https://www.mercadolivre.com.br/balanca-de-cozinha-digital-balanca-digital-sf-400-pesa-ate-10kg-branco/p/MLB24546215#c_container_id=not_apply&c_id=%2Fsplinter%2Fcarouseldynamicitem&c_element_order=20&c_campaign=eletrodomesticos&c_label=%2Fsplinter%2Fcarouseldynamicitem&c_uid=83097518-2ace-11f0-896c-ef58f407f176&c_element_id=83097518-2ace-11f0-896c-ef58f407f176&c_global_position=3,https://http2.mlstatic.com/D_Q_NP_617412-MLA80228663543_102024-P.webp,2025-05-06 20:04:50.205833
Mercado Livre,Ferramentas,Parafusadeira Furadeira De Impacto Profissional 21v Modelo TB-21PX 2 Baterias Com Maleta The Black Tools 110/220V 60Hz Amarelo,1,259,https://www.mercadolivre.com.br/parafusadeira-furadeira-de-impacto-profissional-21v-modelo-tb-21px-2-baterias-com-maleta-the-black-tools-110220v-60hz-amarelo/p/MLB30144703#c_container_id=not_apply&c_id=%2Fsplinter%2Fcarouseldynamicitem&c_element_order=1&c_campaign=ferramentas&c_label=%2Fsplinter%2Fcarouseldynamicitem&c_uid=83097519-2ace-11f0-896c-ef58f407f176&c_element_id=83097519-2ace-11f0-896c-ef58f407f176&c_global_position=4,https://http2.mlstatic.com/D_Q_NP_690892-MLU79387089509_092024-P.webp,2025-05-06 20:04:50.205833
Mercado Livre,Ferramentas,Lavadora De Alta Pressão Kärcher Compacta 1500psi 1400w Cor Amarelo 110V,2,349,https://www.mercadolivre.com.br/lavadora-de-alta-presso-krcher-compacta-1500psi-1400w-cor-amarelo-110v/p/MLB25264428#c_container_id=not_apply&c_id=%2Fsplinter%2Fcarouseldynamicitem&c_element_order=2&c_campaign=ferramentas&c_label=%2Fsplinter%2Fcarouseldynamicitem&c_uid=8309751a-2ace-11f0-896c-ef58f407f176&c_element_id=8309751a-2ace-11f0-896c-ef58f407f176&c_global_position=4,https://http2.mlstatic.com/D_Q_NP_777504-MLU72700073101_112023-P.webp,2025-05-06 20:04:50.205833
Mercado Livre,Ferramentas,Lavadora De Alta Pressão 1400w 1300psi 300l/h Wap Ágil 1800 127V,3,359,https://www.mercadolivre.com.br/lavadora-de-alta-presso-1400w-1300psi-300lh-wap-agil-1800-127v/p/MLB15296535#c_container_id=not_apply&c_id=%2Fsplinter%2Fcarouseldynamicitem&c_element_order=3&c_campaign=ferramentas&c_label=%2Fsplinter%2Fcarouseldynamicitem&c_uid=8309751b-2ace-11f0-896c-ef58f407f176&c_element_id=8309751b-2ace-11f0-896c-ef58f407f176&c_global_position=4,https://http2.mlstatic.com/D_Q_NP_750014-MLU72857146914_112023-P.webp,2025-05-06 20:04:50.205833
Mercado Livre,Ferramentas,Parafusadeira e Furadeira de Impacto WAP WF 700FE Mandril de 3/8'' 700W Cinza e Amarela 110V,4,134,https://www.mercadolivre.com.br/parafusadeira-e-furadeira-de-impacto-wap-wf-700fe-mandril-de-38-700w-cinza-e-amarela-110v/p/MLB36576672#c_container_id=not_apply&c_id=%2Fsplinter%2Fcarouseldynamicitem&c_element_order=4&c_campaign=ferramentas&c_label=%2Fsplinter%2Fcarouseldynamicitem&c_uid=8309751c-2ace-11f0-896c-ef58f407f176&c_element_id=8309751c-2ace-11f0-896c-ef58f407f176&c_global_position=4,https://http2.mlstatic.com/D_Q_NP_928022-MLA82087204110_022025-P.webp,2025-05-06 20:04:50.205833
Mercado Livre,Ferramentas,Parafusadeira Furadeira The Black Tools TB12A 3/8 Bivolt a Bateria 12v Cor Amarelo Frequência 60Hz,5,109,https://www.mercadolivre.com.br/parafusadeira-furadeira-the-black-tools-tb12a-38-bivolt-a-bateria-12v-cor-amarelo-frequncia-60hz/p/MLB24076624#c_container_id=not_apply&c_id=%2Fsplinter%2Fcarouseldynamicitem&c_element_order=5&c_campaign=ferramentas&c_label=%2Fsplinter%2Fcarouseldynamicitem&c_uid=8309751d-2ace-11f0-896c-ef58f407f176&c_element_id=8309751d-2ace-11f0-896c-ef58f407f176&c_global_position=4,https://http2.mlstatic.com/D_Q_NP_628836-MLU77146899936_062024-P.webp,2025-05-06 20:04:50.205833
Mercado Livre,Ferramentas,Furadeira Parafusadeira Sem Fio De 10mm Philco Ppf12m 12v + Acessório 110v/220v,6,189,https://www.mercadolivre.com.br/furadeira-parafusadeira-sem-fio-de-10mm-philco-ppf12m-12v-acessorio-110v220v/p/MLB37741420#c_container_id=not_apply&c_id=%2Fsplinter%2Fcarouseldynamicitem&c_element_order=6&c_campaign=ferramentas&c_label=%2Fsplinter%2Fcarouseldynamicitem&c_uid=8309751e-2ace-11f0-896c-ef58f407f176&c_element_id=8309751e-2ace-11f0-896c-ef58f407f176&c_global_position=4,https://http2.mlstatic.com/D_Q_NP_901610-MLU77335319929_062024-P.webp,2025-05-06 20:04:50.205833
Mercado Livre,Ferramentas,Soprador Térmico Vonder Profissional Stv150 500° Com 4 Bicos 220V,7,145,https://www.mercadolivre.com.br/soprador-termico-vonder-profissional-stv150-500-com-4-bicos-220v/p/MLB22630625#c_container_id=not_apply&c_id=%2Fsplinter%2Fcarouseldynamicitem&c_element_order=7&c_campaign=ferramentas&c_label=%2Fsplinter%2Fcarouseldynamicitem&c_uid=8309751f-2ace-11f0-896c-ef58f407f176&c_element_id=8309751f-2ace-11f0-896c-ef58f407f176&c_global_position=4,https://http2.mlstatic.com/D_Q_NP_842151-MLU76507370090_052024-P.webp,2025-05-06 20:04:50.205833
Mercado Livre,Ferramentas,Aparador De Grama Bipartido 1500w Gam1500bp - Garthen Cor Verde 127v,8,220,https://www.mercadolivre.com.br/aparador-de-grama-bipartido-1500w-gam1500bp-garthen-cor-verde-127v/p/MLB29263416#c_container_id=not_apply&c_id=%2Fsplinter%2Fcarouseldynamicitem&c_element_order=8&c_campaign=ferramentas&c_label=%2Fsplinter%2Fcarouseldynamicitem&c_uid=83097520-2ace-11f0-896c-ef58f407f176&c_element_id=83097520-2ace-11f0-896c-ef58f407f176&c_global_position=4,https://http2.mlstatic.com/D_Q_NP_977560-MLU78951100783_092024-P.webp,2025-05-06 20:04:50.205833
Mercado Livre,Ferramentas,Mini Compressor Digital Tippi Bomba De Encher Pneus Bola Portátil Para Motocicletas Carro Bicicleta Preto Com Calibrador 127/220V,9,50,https://www.mercadolivre.com.br/mini-compressor-digital-tippi-bomba-de-encher-pneus-bola-portatil-para-motocicletas-carro-bicicleta-preto-com-calibrador-127220v/p/MLB22341692#c_container_id=not_apply&c_id=%2Fsplinter%2Fcarouseldynamicitem&c_element_order=9&c_campaign=ferramentas&c_label=%2Fsplinter%2Fcarouseldynamicitem&c_uid=83097521-2ace-11f0-896c-ef58f407f176&c_element_id=83097521-2ace-11f0-896c-ef58f407f176&c_global_position=4,https://http2.mlstatic.com/D_Q_NP_891811-MLA84350213063_052025-P.webp,2025-05-06 20:04:50.205833
Mercado Livre,Ferramentas,Esmerilhadeira Lixadeira Angular 4.1/2 11000rpm 820w Tssaper Cor Azul-turquesa Frequência 60 Hz 220V,10,170,https://www.mercadolivre.com.br/esmerilhadeira-lixadeira-angular-412-11000rpm-820w-tssaper-cor-azul-turquesa-frequncia-60-hz-220v/p/MLB18621522#c_container_id=not_apply&c_id=%2Fsplinter%2Fcarouseldynamicitem&c_element_order=10&c_campaign=ferramentas&c_label=%2Fsplinter%2Fcarouseldynamicitem&c_uid=83097522-2ace-11f0-896c-ef58f407f176&c_element_id=83097522-2ace-11f0-896c-ef58f407f176&c_global_position=4,https://http2.mlstatic.com/D_Q_NP_834908-MLU72758454198_112023-P.webp,2025-05-06 20:04:50.205833
Mercado Livre,Ferramentas,Óculos De Solda Para Soldador C/ Escurecimento Automático Cor Preto Liso,11,34,https://www.mercadolivre.com.br/oculos-de-solda-para-soldador-c-escurecimento-automatico-cor-preto-liso/p/MLB28612697#c_container_id=not_apply&c_id=%2Fsplinter%2Fcarouseldynamicitem&c_element_order=11&c_campaign=ferramentas&c_label=%2Fsplinter%2Fcarouseldynamicitem&c_uid=83097523-2ace-11f0-896c-ef58f407f176&c_element_id=83097523-2ace-11f0-896c-ef58f407f176&c_global_position=4,https://http2.mlstatic.com/D_Q_NP_845549-MLU78252897852_082024-P.webp,2025-05-06 20:04:50.205833
Mercado Livre,Ferramentas,Serra Makita 4100nh3zx Mármore com 2 Discos Diámetro 110mm 1300W 220V,12,409,https://www.mercadolivre.com.br/serra-makita-4100nh3zx-marmore-com-2-discos-diametro-110mm-1300w-220v/p/MLB19802405#c_container_id=not_apply&c_id=%2Fsplinter%2Fcarouseldynamicitem&c_element_order=12&c_campaign=ferramentas&c_label=%2Fsplinter%2Fcarouseldynamicitem&c_uid=83097524-2ace-11f0-896c-ef58f407f176&c_element_id=83097524-2ace-11f0-896c-ef58f407f176&c_global_position=4,https://http2.mlstatic.com/D_Q_NP_707426-MLU72340464209_102023-P.webp,2025-05-06 20:04:50.205833
Mercado Livre,Ferramentas,Pistola De Pintura Profissional Automotiva Alta Pressão Hvlp Cor Azul,13,103,https://www.mercadolivre.com.br/pistola-de-pintura-profissional-automotiva-alta-presso-hvlp-cor-azul/p/MLB20351250#c_container_id=not_apply&c_id=%2Fsplinter%2Fcarouseldynamicitem&c_element_order=13&c_campaign=ferramentas&c_label=%2Fsplinter%2Fcarouseldynamicitem&c_uid=83097525-2ace-11f0-896c-ef58f407f176&c_element_id=83097525-2ace-11f0-896c-ef58f407f176&c_global_position=4,https://http2.mlstatic.com/D_Q_NP_747627-MLA79656588145_092024-P.webp,2025-05-06 20:04:50.205833
Mercado Livre,Ferramentas,Lavadora de Alta Pressão Wap Ousada Plus 2200 1500W 1750 PSI 220V,14,502,https://www.mercadolivre.com.br/lavadora-de-alta-presso-wap-ousada-plus-2200-1500w-1750-psi-220v/p/MLB15345687#c_container_id=not_apply&c_id=%2Fsplinter%2Fcarouseldynamicitem&c_element_order=14&c_campaign=ferramentas&c_label=%2Fsplinter%2Fcarouseldynamicitem&c_uid=83097526-2ace-11f0-896c-ef58f407f176&c_element_id=83097526-2ace-11f0-896c-ef58f407f176&c_global_position=4,https://http2.mlstatic.com/D_Q_NP_709403-MLU69826402627_062023-P.webp,2025-05-06 20:04:50.205833
Mercado Livre,Ferramentas,Esmerilhadeira Angular Lixadeira De Disco Corte Debaste 720w Frequência 60Hz Potente e Versátil Cor Laranja Ferramenta Profissional 220v Pró Euro,15,139,https://www.mercadolivre.com.br/esmerilhadeira-angular-lixadeira-de-disco-corte-debaste-720w-frequncia-60hz-potente-e-versatil-cor-laranja-ferramenta-profissional-220v-pro-euro/p/MLB17826639#c_container_id=not_apply&c_id=%2Fsplinter%2Fcarouseldynamicitem&c_element_order=15&c_campaign=ferramentas&c_label=%2Fsplinter%2Fcarouseldynamicitem&c_uid=83097527-2ace-11f0-896c-ef58f407f176&c_element_id=83097527-2ace-11f0-896c-ef58f407f176&c_global_position=4,https://http2.mlstatic.com/D_Q_NP_849154-MLA82453931526_022025-P.webp,2025-05-06 20:04:50.205833
Mercado Livre,Ferramentas,"Furadeira E Parafusadeira Razi 3/8 10mm Sem Fio À Bateria 12v Bivolt Laranja - Com 22 Acessórios, Bits, Canhões e Extensor 110v/220v",16,78,https://www.mercadolivre.com.br/furadeira-e-parafusadeira-razi-38-10mm-sem-fio-bateria-12v-bivolt-laranja-com-22-acessorios-bits-canhoes-e-extensor-110v220v/p/MLB45897214#c_container_id=not_apply&c_id=%2Fsplinter%2Fcarouseldynamicitem&c_element_order=16&c_campaign=ferramentas&c_label=%2Fsplinter%2Fcarouseldynamicitem&c_uid=83097528-2ace-11f0-896c-ef58f407f176&c_element_id=83097528-2ace-11f0-896c-ef58f407f176&c_global_position=4,https://http2.mlstatic.com/D_Q_NP_827119-MLA82429500541_022025-P.webp,2025-05-06 20:04:50.205833
Mercado Livre,Ferramentas,Jogo De Soquete Aço Crv 1/4 Catraca Chave Allen C/ Maleta,17,39,https://produto.mercadolivre.com.br/MLB-2969444493-jogo-de-soquete-aco-crv-14-catraca-chave-allen-c-maleta-_JM#c_container_id=not_apply&c_id=%2Fsplinter%2Fcarouseldynamicitem&c_element_order=17&c_campaign=ferramentas&c_label=%2Fsplinter%2Fcarouseldynamicitem&c_uid=83097529-2ace-11f0-896c-ef58f407f176&c_element_id=83097529-2ace-11f0-896c-ef58f407f176&c_global_position=4,https://http2.mlstatic.com/D_Q_NP_916765-MLB79445925620_102024-P.webp,2025-05-06 20:04:50.205833
Mercado Livre,Ferramentas,Kit Jogo De Ferramentas Completo C/ Soquetes E Chaves TBT12940K The Black Tools,18,169,https://www.mercadolivre.com.br/kit-jogo-de-ferramentas-completo-c-soquetes-e-chaves-tbt12940k-the-black-tools/p/MLB28859007#c_container_id=not_apply&c_id=%2Fsplinter%2Fcarouseldynamicitem&c_element_order=18&c_campaign=ferramentas&c_label=%2Fsplinter%2Fcarouseldynamicitem&c_uid=8309752a-2ace-11f0-896c-ef58f407f176&c_element_id=8309752a-2ace-11f0-896c-ef58f407f176&c_global_position=4,https://http2.mlstatic.com/D_Q_NP_945202-MLU73994055236_012024-P.webp,2025-05-06 20:04:50.205833
Mercado Livre,Ferramentas,Parafusadeira e Furadeira a Bateria WAP BPF 12K3 12V Com Maleta Bivolt,19,173,https://www.mercadolivre.com.br/parafusadeira-e-furadeira-a-bateria-wap-bpf-12k3-12v-com-maleta-bivolt/p/MLB19141467#c_container_id=not_apply&c_id=%2Fsplinter%2Fcarouseldynamicitem&c_element_order=19&c_campaign=ferramentas&c_label=%2Fsplinter%2Fcarouseldynamicitem&c_uid=8309752b-2ace-11f0-896c-ef58f407f176&c_element_id=8309752b-2ace-11f0-896c-ef58f407f176&c_global_position=4,https://http2.mlstatic.com/D_Q_NP_617231-MLU77375358107_072024-P.webp,2025-05-06 20:04:50.205833
Mercado Livre,Ferramentas,Esmerilhadeira Angular 4.1/2 850 Watts M9510b Makita,20,340,https://www.mercadolivre.com.br/esmerilhadeira-angular-412-850-watts-m9510b-makita/p/MLB18515604#c_container_id=not_apply&c_id=%2Fsplinter%2Fcarouseldynamicitem&c_element_order=20&c_campaign=ferramentas&c_label=%2Fsplinter%2Fcarouseldynamicitem&c_uid=8309752c-2ace-11f0-896c-ef58f407f176&c_element_id=8309752c-2ace-11f0-896c-ef58f407f176&c_global_position=4,https://http2.mlstatic.com/D_Q_NP_762603-MLU72339972619_102023-P.webp,2025-05-06 20:04:50.205833
Mercado Livre,Beleza e Cuidado Pessoal,Maquina Maquininha De Cortar Cabelo Barbeador Eletrico Aparador De Pelos Acabamento Dragão Buda Profissional Kamufla,1,17,https://www.mercadolivre.com.br/maquina-maquininha-de-cortar-cabelo-barbeador-eletrico-aparador-de-pelos-acabamento-drago-buda-profissional-kamufla/p/MLB35848144#c_container_id=not_apply&c_id=%2Fsplinter%2Fcarouseldynamicitem&c_element_order=1&c_campaign=beleza-e-cuidado-pessoal&c_label=%2Fsplinter%2Fcarouseldynamicitem&c_uid=8309752d-2ace-11f0-896c-ef58f407f176&c_element_id=8309752d-2ace-11f0-896c-ef58f407f176&c_global_position=5,https://http2.mlstatic.com/D_Q_NP_957227-MLA83385281702_042025-P.webp,2025-05-06 20:04:50.205833
Mercado Livre,Beleza e Cuidado Pessoal,Papel Higiênico Supreme Folha Tripla Com 18 Rolos Neve,2,39,https://www.mercadolivre.com.br/papel-higinico-supreme-folha-tripla-com-18-rolos-neve/p/MLB16084471#c_container_id=not_apply&c_id=%2Fsplinter%2Fcarouseldynamicitem&c_element_order=2&c_campaign=beleza-e-cuidado-pessoal&c_label=%2Fsplinter%2Fcarouseldynamicitem&c_uid=8309752e-2ace-11f0-896c-ef58f407f176&c_element_id=8309752e-2ace-11f0-896c-ef58f407f176&c_global_position=5,https://http2.mlstatic.com/D_Q_NP_747829-MLU73187411233_122023-P.webp,2025-05-06 20:04:50.205833
Mercado Livre,Beleza e Cuidado Pessoal,Garnier Hidratante Vitamina C Toque Seco 85g,3,33,https://www.mercadolivre.com.br/garnier-hidratante-vitamina-c-toque-seco-85g/p/MLB44895020#c_container_id=not_apply&c_id=%2Fsplinter%2Fcarouseldynamicitem&c_element_order=3&c_campaign=beleza-e-cuidado-pessoal&c_label=%2Fsplinter%2Fcarouseldynamicitem&c_uid=8309752f-2ace-11f0-896c-ef58f407f176&c_element_id=8309752f-2ace-11f0-896c-ef58f407f176&c_global_position=5,https://http2.mlstatic.com/D_Q_NP_828744-MLA81925003571_012025-P.webp,2025-05-06 20:04:50.205833
Mercado Livre,Beleza e Cuidado Pessoal,Creme Hidratante Textura Cremosa 454g Cerave,4,93,https://www.mercadolivre.com.br/creme-hidratante-textura-cremosa-454g-cerave/p/MLB19309318#c_container_id=not_apply&c_id=%2Fsplinter%2Fcarouseldynamicitem&c_element_order=4&c_campaign=beleza-e-cuidado-pessoal&c_label=%2Fsplinter%2Fcarouseldynamicitem&c_uid=83097530-2ace-11f0-896c-ef58f407f176&c_element_id=83097530-2ace-11f0-896c-ef58f407f176&c_global_position=5,https://http2.mlstatic.com/D_Q_NP_832151-MLU69955905478_062023-P.webp,2025-05-06 20:04:50.205833
Mercado Livre,Beleza e Cuidado Pessoal,Perfume Attracione Men by attracione 25 ml,5,124,https://www.mercadolivre.com.br/perfume-attracione-men-by-attracione-25-ml/p/MLB45617876#c_container_id=not_apply&c_id=%2Fsplinter%2Fcarouseldynamicitem&c_element_order=5&c_campaign=beleza-e-cuidado-pessoal&c_label=%2Fsplinter%2Fcarouseldynamicitem&c_uid=83097531-2ace-11f0-896c-ef58f407f176&c_element_id=83097531-2ace-11f0-896c-ef58f407f176&c_global_position=5,https://http2.mlstatic.com/D_Q_NP_693298-MLA82520087107_022025-P.webp,2025-05-06 20:04:50.205833
Mercado Livre,Beleza e Cuidado Pessoal,Aparador de Pelos Philips OneBlade QP1424/10 na Cor Cinza chumbo - Bivolt,6,149,https://www.mercadolivre.com.br/aparador-de-pelos-philips-oneblade-qp142410-na-cor-cinza-chumbo-bivolt/p/MLB23166972#c_container_id=not_apply&c_id=%2Fsplinter%2Fcarouseldynamicitem&c_element_order=6&c_campaign=beleza-e-cuidado-pessoal&c_label=%2Fsplinter%2Fcarouseldynamicitem&c_uid=83097532-2ace-11f0-896c-ef58f407f176&c_element_id=83097532-2ace-11f0-896c-ef58f407f176&c_global_position=5,https://http2.mlstatic.com/D_Q_NP_636231-MLU77149869466_062024-P.webp,2025-05-06 20:04:50.205833
Mercado Livre,Beleza e Cuidado Pessoal,Prancha Lizze Chapinha Extreme Profissional 480ºf Salão Cor Cinza,7,439,https://www.mercadolivre.com.br/prancha-lizze-chapinha-extreme-profissional-480f-salo-cor-cinza/p/MLB24027627#c_container_id=not_apply&c_id=%2Fsplinter%2Fcarouseldynamicitem&c_element_order=7&c_campaign=beleza-e-cuidado-pessoal&c_label=%2Fsplinter%2Fcarouseldynamicitem&c_uid=83097533-2ace-11f0-896c-ef58f407f176&c_element_id=83097533-2ace-11f0-896c-ef58f407f176&c_global_position=5,https://http2.mlstatic.com/D_Q_NP_612883-MLU72566257512_112023-P.webp,2025-05-06 20:04:50.205833
Mercado Livre,Beleza e Cuidado Pessoal,Secador De Cabelo Taiff Style Potente Silencioso Cor Preto 220V,8,239,https://www.mercadolivre.com.br/secador-de-cabelo-taiff-style-potente-silencioso-cor-preto-220v/p/MLB18920579#c_container_id=not_apply&c_id=%2Fsplinter%2Fcarouseldynamicitem&c_element_order=8&c_campaign=beleza-e-cuidado-pessoal&c_label=%2Fsplinter%2Fcarouseldynamicitem&c_uid=83097534-2ace-11f0-896c-ef58f407f176&c_element_id=83097534-2ace-11f0-896c-ef58f407f176&c_global_position=5,https://http2.mlstatic.com/D_Q_NP_898237-MLA79254387792_092024-P.webp,2025-05-06 20:04:50.205833
Mercado Livre,Beleza e Cuidado Pessoal,Tônico Poderoso Gold Spell 250ml Antiqueda E Preenche Falhas,9,137,https://www.mercadolivre.com.br/tnico-poderoso-gold-spell-250ml-antiqueda-e-preenche-falhas/p/MLB20554055#c_container_id=not_apply&c_id=%2Fsplinter%2Fcarouseldynamicitem&c_element_order=9&c_campaign=beleza-e-cuidado-pessoal&c_label=%2Fsplinter%2Fcarouseldynamicitem&c_uid=83097535-2ace-11f0-896c-ef58f407f176&c_element_id=83097535-2ace-11f0-896c-ef58f407f176&c_global_position=5,https://http2.mlstatic.com/D_Q_NP_995135-MLB52574887244_112022-P.webp,2025-05-06 20:04:50.205833
Mercado Livre,Beleza e Cuidado Pessoal,Óleo Finalizador Extraordinário Tratamento Sublime Nutrição 100ml Elseve,10,28,https://www.mercadolivre.com.br/oleo-finalizador-extraordinario-tratamento-sublime-nutrico-100ml-elseve/p/MLB26080271#c_container_id=not_apply&c_id=%2Fsplinter%2Fcarouseldynamicitem&c_element_order=10&c_campaign=beleza-e-cuidado-pessoal&c_label=%2Fsplinter%2Fcarouseldynamicitem&c_uid=83097536-2ace-11f0-896c-ef58f407f176&c_element_id=83097536-2ace-11f0-896c-ef58f407f176&c_global_position=5,https://http2.mlstatic.com/D_Q_NP_776682-MLA79787212071_102024-P.webp,2025-05-06 20:04:50.205833
Mercado Livre,Beleza e Cuidado Pessoal,Aparador De Pelos Super Groom 10 Preto Azul Bg-03 Mondial,11,131,https://www.mercadolivre.com.br/aparador-de-pelos-super-groom-10-preto-azul-bg-03-mondial/p/MLB24001849#c_container_id=not_apply&c_id=%2Fsplinter%2Fcarouseldynamicitem&c_element_order=11&c_campaign=beleza-e-cuidado-pessoal&c_label=%2Fsplinter%2Fcarouseldynamicitem&c_uid=83097537-2ace-11f0-896c-ef58f407f176&c_element_id=83097537-2ace-11f0-896c-ef58f407f176&c_global_position=5,https://http2.mlstatic.com/D_Q_NP_873000-MLU72565299870_112023-P.webp,2025-05-06 20:04:50.205833
Mercado Livre,Beleza e Cuidado Pessoal,Perfume Feminino La Vie Est Belle Lancôme EDP 100ml,12,621,https://www.mercadolivre.com.br/perfume-feminino-la-vie-est-belle-lancme-edp-100ml/p/MLB6140723#c_container_id=not_apply&c_id=%2Fsplinter%2Fcarouseldynamicitem&c_element_order=12&c_campaign=beleza-e-cuidado-pessoal&c_label=%2Fsplinter%2Fcarouseldynamicitem&c_uid=83097538-2ace-11f0-896c-ef58f407f176&c_element_id=83097538-2ace-11f0-896c-ef58f407f176&c_global_position=5,https://http2.mlstatic.com/D_Q_NP_859847-MLA83336468739_032025-P.webp,2025-05-06 20:04:50.205833
Mercado Livre,Beleza e Cuidado Pessoal,Escova Secadora de Cabelos Philco Pes09bg 1300w 3 Temperaturas Bivolt Cor Branca e Dourada,13,155,https://www.mercadolivre.com.br/escova-secadora-de-cabelos-philco-pes09bg-1300w-3-temperaturas-bivolt-cor-branca-e-dourada/p/MLB23906615#c_container_id=not_apply&c_id=%2Fsplinter%2Fcarouseldynamicitem&c_element_order=13&c_campaign=beleza-e-cuidado-pessoal&c_label=%2Fsplinter%2Fcarouseldynamicitem&c_uid=83097539-2ace-11f0-896c-ef58f407f176&c_element_id=83097539-2ace-11f0-896c-ef58f407f176&c_global_position=5,https://http2.mlstatic.com/D_Q_NP_620430-MLU75210645934_032024-P.webp,2025-05-06 20:04:50.205833
Mercado Livre,Beleza e Cuidado Pessoal,"Glance Henna Cast Médio Henna Indiana P/ Sobrancelha 3,5g",14,39,https://www.mercadolivre.com.br/glance-henna-cast-medio-henna-indiana-p-sobrancelha-35g/p/MLB28817780#c_container_id=not_apply&c_id=%2Fsplinter%2Fcarouseldynamicitem&c_element_order=14&c_campaign=beleza-e-cuidado-pessoal&c_label=%2Fsplinter%2Fcarouseldynamicitem&c_uid=8309753a-2ace-11f0-896c-ef58f407f176&c_element_id=8309753a-2ace-11f0-896c-ef58f407f176&c_global_position=5,https://http2.mlstatic.com/D_Q_NP_640229-MLU73392755431_122023-P.webp,2025-05-06 20:04:50.205833
Mercado Livre,Beleza e Cuidado Pessoal,Perfume árabe Lattafa Asad eau de parfum 100ml para Homens,15,165,https://www.mercadolivre.com.br/perfume-arabe-lattafa-asad-eau-de-parfum-100ml-para-homens/p/MLB19715215#c_container_id=not_apply&c_id=%2Fsplinter%2Fcarouseldynamicitem&c_element_order=15&c_campaign=beleza-e-cuidado-pessoal&c_label=%2Fsplinter%2Fcarouseldynamicitem&c_uid=8309753b-2ace-11f0-896c-ef58f407f176&c_element_id=8309753b-2ace-11f0-896c-ef58f407f176&c_global_position=5,https://http2.mlstatic.com/D_Q_NP_731318-MLA80354099955_102024-P.webp,2025-05-06 20:04:50.205833
Mercado Livre,Beleza e Cuidado Pessoal,Blow Girl ORIGINAL Gel Aromatizante Beijável Para Virilha E Corpo Hot Flowers 320mL,16,30,https://www.mercadolivre.com.br/blow-girl-original-gel-aromatizante-beijavel-para-virilha-e-corpo-hot-flowers-320ml/p/MLB36504527#c_container_id=not_apply&c_id=%2Fsplinter%2Fcarouseldynamicitem&c_element_order=16&c_campaign=beleza-e-cuidado-pessoal&c_label=%2Fsplinter%2Fcarouseldynamicitem&c_uid=8309753c-2ace-11f0-896c-ef58f407f176&c_element_id=8309753c-2ace-11f0-896c-ef58f407f176&c_global_position=5,https://http2.mlstatic.com/D_Q_NP_815137-MLU75966146786_052024-P.webp,2025-05-06 20:04:50.205833
Mercado Livre,Beleza e Cuidado Pessoal,Coala Home Odorizante De Ambiente E Tecidos Chá Branco 260ml,17,28,https://www.mercadolivre.com.br/coala-home-odorizante-de-ambiente-e-tecidos-cha-branco-260ml/p/MLB25263136#c_container_id=not_apply&c_id=%2Fsplinter%2Fcarouseldynamicitem&c_element_order=17&c_campaign=beleza-e-cuidado-pessoal&c_label=%2Fsplinter%2Fcarouseldynamicitem&c_uid=8309753d-2ace-11f0-896c-ef58f407f176&c_element_id=8309753d-2ace-11f0-896c-ef58f407f176&c_global_position=5,https://http2.mlstatic.com/D_Q_NP_720535-MLU74074107314_012024-P.webp,2025-05-06 20:04:50.205833
Mercado Livre,Beleza e Cuidado Pessoal,Kit Sabonete Hidratante em Barra Dove 90g com 6 unidades,18,21,https://www.mercadolivre.com.br/kit-sabonete-hidratante-em-barra-dove-90g-com-6-unidades/p/MLB34238678#c_container_id=not_apply&c_id=%2Fsplinter%2Fcarouseldynamicitem&c_element_order=18&c_campaign=beleza-e-cuidado-pessoal&c_label=%2Fsplinter%2Fcarouseldynamicitem&c_uid=8309753e-2ace-11f0-896c-ef58f407f176&c_element_id=8309753e-2ace-11f0-896c-ef58f407f176&c_global_position=5,https://http2.mlstatic.com/D_Q_NP_987328-MLA74862377486_032024-P.webp,2025-05-06 20:04:50.205833
Mercado Livre,Beleza e Cuidado Pessoal,Cetaphil Creme Hidratante 453g,19,75,https://www.mercadolivre.com.br/cetaphil-creme-hidratante-453g/p/MLB18390579#c_container_id=not_apply&c_id=%2Fsplinter%2Fcarouseldynamicitem&c_element_order=19&c_campaign=beleza-e-cuidado-pessoal&c_label=%2Fsplinter%2Fcarouseldynamicitem&c_uid=8309753f-2ace-11f0-896c-ef58f407f176&c_element_id=8309753f-2ace-11f0-896c-ef58f407f176&c_global_position=5,https://http2.mlstatic.com/D_Q_NP_690661-MLA79518713298_102024-P.webp,2025-05-06 20:04:50.205833
Mercado Livre,Beleza e Cuidado Pessoal,Papel Higiênico Vip Folha Dupla Personal 30m Leve 12 Pague 11,20,16,https://www.mercadolivre.com.br/papel-higinico-vip-folha-dupla-personal-30m-leve-12-pague-11/p/MLB23561130#c_container_id=not_apply&c_id=%2Fsplinter%2Fcarouseldynamicitem&c_element_order=20&c_campaign=beleza-e-cuidado-pessoal&c_label=%2Fsplinter%2Fcarouseldynamicitem&c_uid=83097540-2ace-11f0-896c-ef58f407f176&c_element_id=83097540-2ace-11f0-896c-ef58f407f176&c_global_position=5,https://http2.mlstatic.com/D_Q_NP_641734-MLA80116937738_112024-P.webp,2025-05-06 20:04:50.205833
Mercado Livre,Informática,Kit 200 Folhas Papel Fotografico A4 Glossy 180g Masterprint Cor Branco,1,52,https://www.mercadolivre.com.br/kit-200-folhas-papel-fotografico-a4-glossy-180g-masterprint-cor-branco/p/MLB26953616#c_container_id=not_apply&c_id=%2Fsplinter%2Fcarouseldynamicitem&c_element_order=1&c_campaign=informatica&c_label=%2Fsplinter%2Fcarouseldynamicitem&c_uid=83097541-2ace-11f0-896c-ef58f407f176&c_element_id=83097541-2ace-11f0-896c-ef58f407f176&c_global_position=7,https://http2.mlstatic.com/D_Q_NP_734547-MLU71658250835_092023-P.webp,2025-05-06 20:04:50.205833
Mercado Livre,Informática,Mouse Sem Fio Recarregável Wireless Optico Led Rgb 2.4ghz Bluetooth Ergonômico Sem Fio Para Pc Desktop Notebook Tablet Smartphone Casenn,2,21,https://www.mercadolivre.com.br/mouse-sem-fio-recarregavel-wireless-optico-led-rgb-24ghz-bluetooth-ergonmico-sem-fio-para-pc-desktop-notebook-tablet-smartphone-casenn/p/MLB47144876#c_container_id=not_apply&c_id=%2Fsplinter%2Fcarouseldynamicitem&c_element_order=2&c_campaign=informatica&c_label=%2Fsplinter%2Fcarouseldynamicitem&c_uid=83097542-2ace-11f0-896c-ef58f407f176&c_element_id=83097542-2ace-11f0-896c-ef58f407f176&c_global_position=7,https://http2.mlstatic.com/D_Q_NP_861416-MLA82794299738_032025-P.webp,2025-05-06 20:04:50.205833
Mercado Livre,Informática,Fone De Ouvido Headphone Dapon H02d Bluetooth 5.1 Microfone Cor Bege,3,78,https://www.mercadolivre.com.br/fone-de-ouvido-headphone-dapon-h02d-bluetooth-51-microfone-cor-bege/p/MLB40558796#c_container_id=not_apply&c_id=%2Fsplinter%2Fcarouseldynamicitem&c_element_order=3&c_campaign=informatica&c_label=%2Fsplinter%2Fcarouseldynamicitem&c_uid=83097543-2ace-11f0-896c-ef58f407f176&c_element_id=83097543-2ace-11f0-896c-ef58f407f176&c_global_position=7,https://http2.mlstatic.com/D_Q_NP_616869-MLA82199798216_022025-P.webp,2025-05-06 20:04:50.205833
Mercado Livre,Informática,Impressora multifuncional cor Epson EcoTank L3250 127V,4,1,https://www.mercadolivre.com.br/impressora-multifuncional-cor-epson-ecotank-l3250-127v/p/MLB18446928#c_container_id=not_apply&c_id=%2Fsplinter%2Fcarouseldynamicitem&c_element_order=4&c_campaign=informatica&c_label=%2Fsplinter%2Fcarouseldynamicitem&c_uid=83097544-2ace-11f0-896c-ef58f407f176&c_element_id=83097544-2ace-11f0-896c-ef58f407f176&c_global_position=7,https://http2.mlstatic.com/D_Q_NP_984266-MLA48196101433_112021-P.webp,2025-05-06 20:04:50.205833
Mercado Livre,Informática,Fone de ouvido Tune 520bt Branco Dobrável JBL,5,215,https://www.mercadolivre.com.br/fone-de-ouvido-tune-520bt-branco-dobravel-jbl/p/MLB23875643#c_container_id=not_apply&c_id=%2Fsplinter%2Fcarouseldynamicitem&c_element_order=5&c_campaign=informatica&c_label=%2Fsplinter%2Fcarouseldynamicitem&c_uid=83097545-2ace-11f0-896c-ef58f407f176&c_element_id=83097545-2ace-11f0-896c-ef58f407f176&c_global_position=7,https://http2.mlstatic.com/D_Q_NP_763537-MLU73335304666_122023-P.webp,2025-05-06 20:04:50.205833
Mercado Livre,Informática,Cadeira de escritório Pctop Office Fit 1001 9050 ergonômica branca com estofado de mesh y tecido,6,331,https://www.mercadolivre.com.br/cadeira-de-escritorio-pctop-office-fit-1001-9050-ergonmica-branca-com-estofado-de-mesh-y-tecido/p/MLB17811237#c_container_id=not_apply&c_id=%2Fsplinter%2Fcarouseldynamicitem&c_element_order=6&c_campaign=informatica&c_label=%2Fsplinter%2Fcarouseldynamicitem&c_uid=83097546-2ace-11f0-896c-ef58f407f176&c_element_id=83097546-2ace-11f0-896c-ef58f407f176&c_global_position=7,https://http2.mlstatic.com/D_Q_NP_905601-MLA50726432804_072022-P.webp,2025-05-06 20:04:50.205833
Mercado Livre,Informática,Filamento Pla Branco Velvet 1kg - Premium Voolt3d High Speed,7,119,https://www.mercadolivre.com.br/filamento-pla-branco-velvet-1kg-premium-voolt3d-high-speed/p/MLB24154100#c_container_id=not_apply&c_id=%2Fsplinter%2Fcarouseldynamicitem&c_element_order=7&c_campaign=informatica&c_label=%2Fsplinter%2Fcarouseldynamicitem&c_uid=83097547-2ace-11f0-896c-ef58f407f176&c_element_id=83097547-2ace-11f0-896c-ef58f407f176&c_global_position=7,https://http2.mlstatic.com/D_Q_NP_930467-MLA84067011657_042025-P.webp,2025-05-06 20:04:50.205833
Mercado Livre,Informática,Fone De Ouvido Qcy T13 Com 4 Microfones E Bluetooth 5.1 Cor Preto,8,190,https://www.mercadolivre.com.br/fone-de-ouvido-qcy-t13-com-4-microfones-e-bluetooth-51-cor-preto/p/MLB19037261#c_container_id=not_apply&c_id=%2Fsplinter%2Fcarouseldynamicitem&c_element_order=8&c_campaign=informatica&c_label=%2Fsplinter%2Fcarouseldynamicitem&c_uid=83097548-2ace-11f0-896c-ef58f407f176&c_element_id=83097548-2ace-11f0-896c-ef58f407f176&c_global_position=7,https://http2.mlstatic.com/D_Q_NP_630478-MLU75210746968_032024-P.webp,2025-05-06 20:04:50.205833
Mercado Livre,Informática,Fone de ouvido in-ear sem fio Kaidi KD-770 TWS preto,9,56,https://www.mercadolivre.com.br/fone-de-ouvido-in-ear-sem-fio-kaidi-kd-770-tws-preto/p/MLB26696654#c_container_id=not_apply&c_id=%2Fsplinter%2Fcarouseldynamicitem&c_element_order=9&c_campaign=informatica&c_label=%2Fsplinter%2Fcarouseldynamicitem&c_uid=83097549-2ace-11f0-896c-ef58f407f176&c_element_id=83097549-2ace-11f0-896c-ef58f407f176&c_global_position=7,https://http2.mlstatic.com/D_Q_NP_897289-MLU77354815783_062024-P.webp,2025-05-06 20:04:50.205833
Mercado Livre,Informática,Mouse sem fio Logitech M170 M170 cinza e preto,10,101,https://www.mercadolivre.com.br/mouse-sem-fio-logitech-m170-m170-cinza-e-preto/p/MLB6204829#c_container_id=not_apply&c_id=%2Fsplinter%2Fcarouseldynamicitem&c_element_order=10&c_campaign=informatica&c_label=%2Fsplinter%2Fcarouseldynamicitem&c_uid=8309754a-2ace-11f0-896c-ef58f407f176&c_element_id=8309754a-2ace-11f0-896c-ef58f407f176&c_global_position=7,https://http2.mlstatic.com/D_Q_NP_732939-MLU78800730367_082024-P.webp,2025-05-06 20:04:50.205833
Mercado Livre,Informática,Controle Compatível Ps4 Bluetooth Pc Gamer Tv Smart Preto,11,57,https://www.mercadolivre.com.br/controle-compativel-ps4-bluetooth-pc-gamer-tv-smart-preto/p/MLB36590147#c_container_id=not_apply&c_id=%2Fsplinter%2Fcarouseldynamicitem&c_element_order=11&c_campaign=informatica&c_label=%2Fsplinter%2Fcarouseldynamicitem&c_uid=8309754b-2ace-11f0-896c-ef58f407f176&c_element_id=8309754b-2ace-11f0-896c-ef58f407f176&c_global_position=7,https://http2.mlstatic.com/D_Q_NP_980942-MLA80446002375_112024-P.webp,2025-05-06 20:04:50.205833
Mercado Livre,Informática,Webcam Camera Full Hd Zoom 1080p 360 Graus Videoconferencia Streamcam Web Cam Entrada Usb 2.0 Com Microfone- Floresta Urbana,12,54,https://www.mercadolivre.com.br/webcam-camera-full-hd-zoom-1080p-360-graus-videoconferencia-streamcam-web-cam-entrada-usb-20-com-microfone-floresta-urbana/p/MLB46220824#c_container_id=not_apply&c_id=%2Fsplinter%2Fcarouseldynamicitem&c_element_order=12&c_campaign=informatica&c_label=%2Fsplinter%2Fcarouseldynamicitem&c_uid=8309754c-2ace-11f0-896c-ef58f407f176&c_element_id=8309754c-2ace-11f0-896c-ef58f407f176&c_global_position=7,https://http2.mlstatic.com/D_Q_NP_672691-MLA82614414811_022025-P.webp,2025-05-06 20:04:50.205833
Mercado Livre,Informática,Papel Fotográfico Adesivo 130g A4 Glossy Masterprint 100 Fls Cor Branco,13,46,https://www.mercadolivre.com.br/papel-fotografico-adesivo-130g-a4-glossy-masterprint-100-fls-cor-branco/p/MLB21722192#c_container_id=not_apply&c_id=%2Fsplinter%2Fcarouseldynamicitem&c_element_order=13&c_campaign=informatica&c_label=%2Fsplinter%2Fcarouseldynamicitem&c_uid=8309754d-2ace-11f0-896c-ef58f407f176&c_element_id=8309754d-2ace-11f0-896c-ef58f407f176&c_global_position=7,https://http2.mlstatic.com/D_Q_NP_810385-MLU75436572342_042024-P.webp,2025-05-06 20:04:50.205833
Mercado Livre,Informática,Impressora Multifuncional HP Smart Tank 584 color negro 110/220V,14,899,https://www.mercadolivre.com.br/impressora-multifuncional-hp-smart-tank-584-color-negro-110220v/p/MLB34801962#c_container_id=not_apply&c_id=%2Fsplinter%2Fcarouseldynamicitem&c_element_order=14&c_campaign=informatica&c_label=%2Fsplinter%2Fcarouseldynamicitem&c_uid=8309754e-2ace-11f0-896c-ef58f407f176&c_element_id=8309754e-2ace-11f0-896c-ef58f407f176&c_global_position=7,https://http2.mlstatic.com/D_Q_NP_942527-MLU75603659168_042024-P.webp,2025-05-06 20:04:50.205833
Mercado Livre,Informática,Fone De Ouvido Qcy T1c Bluetooth 5.1 Case 380mah Cor Preto,15,127,https://www.mercadolivre.com.br/fone-de-ouvido-qcy-t1c-bluetooth-51-case-380mah-cor-preto/p/MLB15285466#c_container_id=not_apply&c_id=%2Fsplinter%2Fcarouseldynamicitem&c_element_order=15&c_campaign=informatica&c_label=%2Fsplinter%2Fcarouseldynamicitem&c_uid=8309754f-2ace-11f0-896c-ef58f407f176&c_element_id=8309754f-2ace-11f0-896c-ef58f407f176&c_global_position=7,https://http2.mlstatic.com/D_Q_NP_870214-MLA40812894039_022020-P.webp,2025-05-06 20:04:50.205833
Mercado Livre,Informática,Álcool Isopropilico 1l De Limpeza Telas E Eletronicos,16,24,https://www.mercadolivre.com.br/alcool-isopropilico-1l-de-limpeza-telas-e-eletronicos/p/MLB37557152#c_container_id=not_apply&c_id=%2Fsplinter%2Fcarouseldynamicitem&c_element_order=16&c_campaign=informatica&c_label=%2Fsplinter%2Fcarouseldynamicitem&c_uid=83097550-2ace-11f0-896c-ef58f407f176&c_element_id=83097550-2ace-11f0-896c-ef58f407f176&c_global_position=7,https://http2.mlstatic.com/D_Q_NP_909164-MLU76886518195_062024-P.webp,2025-05-06 20:04:50.205833
Mercado Livre,Informática,Fone De Ouvido Sem Fio Galaxy Buds Fe Branco Samsung,17,354,https://www.mercadolivre.com.br/fone-de-ouvido-sem-fio-galaxy-buds-fe-branco-samsung/p/MLB27932663#c_container_id=not_apply&c_id=%2Fsplinter%2Fcarouseldynamicitem&c_element_order=17&c_campaign=informatica&c_label=%2Fsplinter%2Fcarouseldynamicitem&c_uid=83097551-2ace-11f0-896c-ef58f407f176&c_element_id=83097551-2ace-11f0-896c-ef58f407f176&c_global_position=7,https://http2.mlstatic.com/D_Q_NP_868336-MLU74085739666_012024-P.webp,2025-05-06 20:04:50.205833
Mercado Livre,Informática,Report A4 Multifunção De 500 Folhas De 75g Branco De 5 Unidades Por Kit,18,175,https://www.mercadolivre.com.br/report-a4-multifunco-de-500-folhas-de-75g-branco-de-5-unidades-por-kit/p/MLB45255286#c_container_id=not_apply&c_id=%2Fsplinter%2Fcarouseldynamicitem&c_element_order=18&c_campaign=informatica&c_label=%2Fsplinter%2Fcarouseldynamicitem&c_uid=83097552-2ace-11f0-896c-ef58f407f176&c_element_id=83097552-2ace-11f0-896c-ef58f407f176&c_global_position=7,https://http2.mlstatic.com/D_Q_NP_755457-MLA81564933140_012025-P.webp,2025-05-06 20:04:50.205833
Mercado Livre,Informática,"iPad Apple 10th generation 2022 A2696 10.9"" 64GB Prata",19,2,https://www.mercadolivre.com.br/ipad-apple-10th-generation-2022-a2696-109-64gb-prata/p/MLB20684369#c_container_id=not_apply&c_id=%2Fsplinter%2Fcarouseldynamicitem&c_element_order=19&c_campaign=informatica&c_label=%2Fsplinter%2Fcarouseldynamicitem&c_uid=83097553-2ace-11f0-896c-ef58f407f176&c_element_id=83097553-2ace-11f0-896c-ef58f407f176&c_global_position=7,https://http2.mlstatic.com/D_Q_NP_956111-MLA81707621714_012025-P.webp,2025-05-06 20:04:50.205833
Mercado Livre,Informática,Controle joystick sem fio Microsoft Xbox Wireless Controller Series X|S Series X e S robot white,20,419,https://www.mercadolivre.com.br/controle-joystick-sem-fio-microsoft-xbox-wireless-controller-series-xs-series-x-e-s-robot-white/p/MLB16268161#c_container_id=not_apply&c_id=%2Fsplinter%2Fcarouseldynamicitem&c_element_order=20&c_campaign=informatica&c_label=%2Fsplinter%2Fcarouseldynamicitem&c_uid=83097554-2ace-11f0-896c-ef58f407f176&c_element_id=83097554-2ace-11f0-896c-ef58f407f176&c_global_position=7,https://http2.mlstatic.com/D_Q_NP_889337-MLA44330907885_122020-P.webp,2025-05-06 20:04:50.205833
Mercado Livre,"Eletrônicos, Áudio e Vídeo",Fone de ouvido Tune 520bt Branco Dobrável JBL,1,215,https://www.mercadolivre.com.br/fone-de-ouvido-tune-520bt-branco-dobravel-jbl/p/MLB23875643#c_container_id=not_apply&c_id=%2Fsplinter%2Fcarouseldynamicitem&c_element_order=1&c_campaign=eletronicos-audio-e-video&c_label=%2Fsplinter%2Fcarouseldynamicitem&c_uid=83097555-2ace-11f0-896c-ef58f407f176&c_element_id=83097555-2ace-11f0-896c-ef58f407f176&c_global_position=8,https://http2.mlstatic.com/D_Q_NP_763537-MLU73335304666_122023-P.webp,2025-05-06 20:04:50.205833
Mercado Livre,"Eletrônicos, Áudio e Vídeo",Fone De Ouvido Qcy T13 Com 4 Microfones E Bluetooth 5.1 Cor Preto,2,190,https://www.mercadolivre.com.br/fone-de-ouvido-qcy-t13-com-4-microfones-e-bluetooth-51-cor-preto/p/MLB19037261#c_container_id=not_apply&c_id=%2Fsplinter%2Fcarouseldynamicitem&c_element_order=2&c_campaign=eletronicos-audio-e-video&c_label=%2Fsplinter%2Fcarouseldynamicitem&c_uid=83097556-2ace-11f0-896c-ef58f407f176&c_element_id=83097556-2ace-11f0-896c-ef58f407f176&c_global_position=8,https://http2.mlstatic.com/D_Q_NP_630478-MLU75210746968_032024-P.webp,2025-05-06 20:04:50.205833
Mercado Livre,"Eletrônicos, Áudio e Vídeo",Tv Box Aquário Stv-3000 Plus 4k 16gb 5 geração,3,212,https://www.mercadolivre.com.br/tv-box-aquario-stv-3000-plus-4k-16gb-5-geraco/p/MLB35587178#c_container_id=not_apply&c_id=%2Fsplinter%2Fcarouseldynamicitem&c_element_order=3&c_campaign=eletronicos-audio-e-video&c_label=%2Fsplinter%2Fcarouseldynamicitem&c_uid=83097557-2ace-11f0-896c-ef58f407f176&c_element_id=83097557-2ace-11f0-896c-ef58f407f176&c_global_position=8,https://http2.mlstatic.com/D_Q_NP_913865-MLU75700830541_042024-P.webp,2025-05-06 20:04:50.205833
Mercado Livre,"Eletrônicos, Áudio e Vídeo",Kit Com 32 Pilhas Alcalinas Aaa Duracell,4,149,https://www.mercadolivre.com.br/kit-com-32-pilhas-alcalinas-aaa-duracell/p/MLB36563300#c_container_id=not_apply&c_id=%2Fsplinter%2Fcarouseldynamicitem&c_element_order=4&c_campaign=eletronicos-audio-e-video&c_label=%2Fsplinter%2Fcarouseldynamicitem&c_uid=83097558-2ace-11f0-896c-ef58f407f176&c_element_id=83097558-2ace-11f0-896c-ef58f407f176&c_global_position=8,https://http2.mlstatic.com/D_Q_NP_965148-MLU78845628286_092024-P.webp,2025-05-06 20:04:50.205833
Mercado Livre,"Eletrônicos, Áudio e Vídeo",Fone de ouvido in-ear sem fio Kaidi KD-770 TWS preto,5,56,https://www.mercadolivre.com.br/fone-de-ouvido-in-ear-sem-fio-kaidi-kd-770-tws-preto/p/MLB26696654#c_container_id=not_apply&c_id=%2Fsplinter%2Fcarouseldynamicitem&c_element_order=5&c_campaign=eletronicos-audio-e-video&c_label=%2Fsplinter%2Fcarouseldynamicitem&c_uid=83097559-2ace-11f0-896c-ef58f407f176&c_element_id=83097559-2ace-11f0-896c-ef58f407f176&c_global_position=8,https://http2.mlstatic.com/D_Q_NP_897289-MLU77354815783_062024-P.webp,2025-05-06 20:04:50.205833
Mercado Livre,"Eletrônicos, Áudio e Vídeo",Suporte Tv Universal Br-1000 Fixo Painel Tv Led Lcd 14 À 84 Polegadas Cor Preto,6,16,https://www.mercadolivre.com.br/suporte-tv-universal-br-1000-fixo-painel-tv-led-lcd-14-84-polegadas-cor-preto/p/MLB45862017#c_container_id=not_apply&c_id=%2Fsplinter%2Fcarouseldynamicitem&c_element_order=6&c_campaign=eletronicos-audio-e-video&c_label=%2Fsplinter%2Fcarouseldynamicitem&c_uid=8309755a-2ace-11f0-896c-ef58f407f176&c_element_id=8309755a-2ace-11f0-896c-ef58f407f176&c_global_position=8,https://http2.mlstatic.com/D_Q_NP_840073-MLA82236681221_022025-P.webp,2025-05-06 20:04:50.205833
Mercado Livre,"Eletrônicos, Áudio e Vídeo",Echo Pop Smart Speaker Amazon Cor Preto C2H4R9,7,278,https://www.mercadolivre.com.br/echo-pop-smart-speaker-amazon-cor-preto-c2h4r9/p/MLB23995388#c_container_id=not_apply&c_id=%2Fsplinter%2Fcarouseldynamicitem&c_element_order=7&c_campaign=eletronicos-audio-e-video&c_label=%2Fsplinter%2Fcarouseldynamicitem&c_uid=8309755b-2ace-11f0-896c-ef58f407f176&c_element_id=8309755b-2ace-11f0-896c-ef58f407f176&c_global_position=8,https://http2.mlstatic.com/D_Q_NP_948632-MLU72538217860_112023-P.webp,2025-05-06 20:04:50.205833
Mercado Livre,"Eletrônicos, Áudio e Vídeo",Roku Express | Dispositivo De Streaming Para Tv Hd/full Hd Com Controle Remoto,8,233,https://www.mercadolivre.com.br/roku-express-dispositivo-de-streaming-para-tv-hdfull-hd-com-controle-remoto/p/MLB15970894#c_container_id=not_apply&c_id=%2Fsplinter%2Fcarouseldynamicitem&c_element_order=8&c_campaign=eletronicos-audio-e-video&c_label=%2Fsplinter%2Fcarouseldynamicitem&c_uid=8309755c-2ace-11f0-896c-ef58f407f176&c_element_id=8309755c-2ace-11f0-896c-ef58f407f176&c_global_position=8,https://http2.mlstatic.com/D_Q_NP_732390-MLA81821400068_012025-P.webp,2025-05-06 20:04:50.205833
Mercado Livre,"Eletrônicos, Áudio e Vídeo",Kit Receptor De Tv Vivensis Vx10 Sat Hd + Lnbf Simples,9,119,https://www.mercadolivre.com.br/kit-receptor-de-tv-vivensis-vx10-sat-hd-lnbf-simples/p/MLB42921446#c_container_id=not_apply&c_id=%2Fsplinter%2Fcarouseldynamicitem&c_element_order=9&c_campaign=eletronicos-audio-e-video&c_label=%2Fsplinter%2Fcarouseldynamicitem&c_uid=8309755d-2ace-11f0-896c-ef58f407f176&c_element_id=8309755d-2ace-11f0-896c-ef58f407f176&c_global_position=8,https://http2.mlstatic.com/D_Q_NP_807864-MLA82920193681_032025-P.webp,2025-05-06 20:04:50.205833
Mercado Livre,"Eletrônicos, Áudio e Vídeo",Echo Dot 5ª Geração Assistente Virtual Alexa Branco 110V/240V Amazon,10,404,https://www.mercadolivre.com.br/echo-dot-5-geraco-assistente-virtual-alexa-branco-110v240v-amazon/p/MLB19795012#c_container_id=not_apply&c_id=%2Fsplinter%2Fcarouseldynamicitem&c_element_order=10&c_campaign=eletronicos-audio-e-video&c_label=%2Fsplinter%2Fcarouseldynamicitem&c_uid=8309755e-2ace-11f0-896c-ef58f407f176&c_element_id=8309755e-2ace-11f0-896c-ef58f407f176&c_global_position=8,https://http2.mlstatic.com/D_Q_NP_731461-MLU76444390041_052024-P.webp,2025-05-06 20:04:50.205833
Mercado Livre,"Eletrônicos, Áudio e Vídeo",Smartprojetor Home Cinema 4K Projetor android Bahrein 11.0 resolução 4k hd bluetooth hdmi wifi Branco,11,202,https://www.mercadolivre.com.br/smartprojetor-home-cinema-4k-projetor-android-bahrein-110-resoluco-4k-hd-bluetooth-hdmi-wifi-branco/p/MLB27021708#c_container_id=not_apply&c_id=%2Fsplinter%2Fcarouseldynamicitem&c_element_order=11&c_campaign=eletronicos-audio-e-video&c_label=%2Fsplinter%2Fcarouseldynamicitem&c_uid=8309755f-2ace-11f0-896c-ef58f407f176&c_element_id=8309755f-2ace-11f0-896c-ef58f407f176&c_global_position=8,https://http2.mlstatic.com/D_Q_NP_748800-MLA79585998065_092024-P.webp,2025-05-06 20:04:50.205833
Mercado Livre,"Eletrônicos, Áudio e Vídeo",Amazon Fire Tv Stick 3 Ger Full Hd 1080p Bi Volt Cor Preto Tipo de controle remoto De voz Alexa,12,271,https://www.mercadolivre.com.br/amazon-fire-tv-stick-3-ger-full-hd-1080p-bi-volt-cor-preto-tipo-de-controle-remoto-de-voz-alexa/p/MLB27803562#c_container_id=not_apply&c_id=%2Fsplinter%2Fcarouseldynamicitem&c_element_order=12&c_campaign=eletronicos-audio-e-video&c_label=%2Fsplinter%2Fcarouseldynamicitem&c_uid=83097560-2ace-11f0-896c-ef58f407f176&c_element_id=83097560-2ace-11f0-896c-ef58f407f176&c_global_position=8,https://http2.mlstatic.com/D_Q_NP_973293-MLU69483011574_052023-P.webp,2025-05-06 20:04:50.205833
Mercado Livre,"Eletrônicos, Áudio e Vídeo",Headset Gamer Com Fio Quantum 100m2 Jbl JBLQTUM100M2BLK Com Mic - Preto,13,169,https://www.mercadolivre.com.br/headset-gamer-com-fio-quantum-100m2-jbl-jblqtum100m2blk-com-mic-preto/p/MLB42071368#c_container_id=not_apply&c_id=%2Fsplinter%2Fcarouseldynamicitem&c_element_order=13&c_campaign=eletronicos-audio-e-video&c_label=%2Fsplinter%2Fcarouseldynamicitem&c_uid=83097561-2ace-11f0-896c-ef58f407f176&c_element_id=83097561-2ace-11f0-896c-ef58f407f176&c_global_position=8,https://http2.mlstatic.com/D_Q_NP_647331-MLA79790330098_102024-P.webp,2025-05-06 20:04:50.205833
Mercado Livre,"Eletrônicos, Áudio e Vídeo",Fone De Ouvido Sem Fio Galaxy Buds Fe Grafite Samsung SM-R400,14,295,https://www.mercadolivre.com.br/fone-de-ouvido-sem-fio-galaxy-buds-fe-grafite-samsung-sm-r400/p/MLB29595951#c_container_id=not_apply&c_id=%2Fsplinter%2Fcarouseldynamicitem&c_element_order=14&c_campaign=eletronicos-audio-e-video&c_label=%2Fsplinter%2Fcarouseldynamicitem&c_uid=83097562-2ace-11f0-896c-ef58f407f176&c_element_id=83097562-2ace-11f0-896c-ef58f407f176&c_global_position=8,https://http2.mlstatic.com/D_Q_NP_643567-MLU76659575947_052024-P.webp,2025-05-06 20:04:50.205833
Mercado Livre,"Eletrônicos, Áudio e Vídeo",Amazon Fire TV Stick 3ª geração de voz Full HD 8GB preto com 1GB de memória RAM,15,257,https://www.mercadolivre.com.br/amazon-fire-tv-stick-3-geraco-de-voz-full-hd-8gb-preto-com-1gb-de-memoria-ram/p/MLB18593745#c_container_id=not_apply&c_id=%2Fsplinter%2Fcarouseldynamicitem&c_element_order=15&c_campaign=eletronicos-audio-e-video&c_label=%2Fsplinter%2Fcarouseldynamicitem&c_uid=83097563-2ace-11f0-896c-ef58f407f176&c_element_id=83097563-2ace-11f0-896c-ef58f407f176&c_global_position=8,https://http2.mlstatic.com/D_Q_NP_606631-MLA77113980772_062024-P.webp,2025-05-06 20:04:50.205833
Mercado Livre,"Eletrônicos, Áudio e Vídeo",Fone Bluetooth sem Fio Pro 4,16,27,https://www.mercadolivre.com.br/fone-bluetooth-sem-fio-pro-4/p/MLB25263382#c_container_id=not_apply&c_id=%2Fsplinter%2Fcarouseldynamicitem&c_element_order=16&c_campaign=eletronicos-audio-e-video&c_label=%2Fsplinter%2Fcarouseldynamicitem&c_uid=83097564-2ace-11f0-896c-ef58f407f176&c_element_id=83097564-2ace-11f0-896c-ef58f407f176&c_global_position=8,https://http2.mlstatic.com/D_Q_NP_954961-MLA83706170477_042025-P.webp,2025-05-06 20:04:50.205833
Mercado Livre,"Eletrônicos, Áudio e Vídeo",Smart Box Tv Proeletronic PROSB-3000 3 geração Preto,17,190,https://www.mercadolivre.com.br/smart-box-tv-proeletronic-prosb-3000-3-geraco-preto/p/MLB22431156#c_container_id=not_apply&c_id=%2Fsplinter%2Fcarouseldynamicitem&c_element_order=17&c_campaign=eletronicos-audio-e-video&c_label=%2Fsplinter%2Fcarouseldynamicitem&c_uid=83097565-2ace-11f0-896c-ef58f407f176&c_element_id=83097565-2ace-11f0-896c-ef58f407f176&c_global_position=8,https://http2.mlstatic.com/D_Q_NP_884615-MLA82006313218_022025-P.webp,2025-05-06 20:04:50.205833
Mercado Livre,"Eletrônicos, Áudio e Vídeo",05 Baterias Pilha Cr2032 3v P5b/59 Moeda 1 Car Alarme Botão,18,18,https://www.mercadolivre.com.br/05-baterias-pilha-cr2032-3v-p5b59-moeda-1-car-alarme-boto/p/MLB37259921#c_container_id=not_apply&c_id=%2Fsplinter%2Fcarouseldynamicitem&c_element_order=18&c_campaign=eletronicos-audio-e-video&c_label=%2Fsplinter%2Fcarouseldynamicitem&c_uid=83097566-2ace-11f0-896c-ef58f407f176&c_element_id=83097566-2ace-11f0-896c-ef58f407f176&c_global_position=8,https://http2.mlstatic.com/D_Q_NP_912809-MLU76681812205_052024-P.webp,2025-05-06 20:04:50.205833
Mercado Livre,"Eletrônicos, Áudio e Vídeo",Carregador De Pilhas Recarregáveis Duracell Aa/aaa Com 4 Aa,19,179,https://www.mercadolivre.com.br/carregador-de-pilhas-recarregaveis-duracell-aaaaa-com-4-aa/p/MLB27819810#c_container_id=not_apply&c_id=%2Fsplinter%2Fcarouseldynamicitem&c_element_order=19&c_campaign=eletronicos-audio-e-video&c_label=%2Fsplinter%2Fcarouseldynamicitem&c_uid=83097567-2ace-11f0-896c-ef58f407f176&c_element_id=83097567-2ace-11f0-896c-ef58f407f176&c_global_position=8,https://http2.mlstatic.com/D_Q_NP_782952-MLA74676698844_022024-P.webp,2025-05-06 20:04:50.205833
Mercado Livre,"Eletrônicos, Áudio e Vídeo",Smart Tv 43 Philco Led Roku Tv Dolby Audio Ptv43va4regb,20,1,https://www.mercadolivre.com.br/smart-tv-43-philco-led-roku-tv-dolby-audio-ptv43va4regb/p/MLB43943869#c_container_id=not_apply&c_id=%2Fsplinter%2Fcarouseldynamicitem&c_element_order=20&c_campaign=eletronicos-audio-e-video&c_label=%2Fsplinter%2Fcarouseldynamicitem&c_uid=83099c00-2ace-11f0-896c-ef58f407f176&c_element_id=83099c00-2ace-11f0-896c-ef58f407f176&c_global_position=8,https://http2.mlstatic.com/D_Q_NP_807543-MLA82434515801_022025-P.webp,2025-05-06 20:04:50.205833
Mercado Livre,"Calçados, Roupas e Bolsas",Moletom Liso Algodão Unissex Blusa De Frio Canguru Flanelado,1,55,https://produto.mercadolivre.com.br/MLB-2821915024-moletom-liso-algodo-unissex-blusa-de-frio-canguru-flanelado-_JM#c_container_id=not_apply&c_id=%2Fsplinter%2Fcarouseldynamicitem&c_element_order=1&c_campaign=calcados-roupas-e-bolsas&c_label=%2Fsplinter%2Fcarouseldynamicitem&c_uid=83099c01-2ace-11f0-896c-ef58f407f176&c_element_id=83099c01-2ace-11f0-896c-ef58f407f176&c_global_position=10,https://http2.mlstatic.com/D_Q_NP_820407-MLB80062120741_102024-P.webp,2025-05-06 20:04:50.205833
Mercado Livre,"Calçados, Roupas e Bolsas",Kit 6 Pares Meias Puma Cano Médio Alto Atoalhada Original,2,64,https://produto.mercadolivre.com.br/MLB-3239976866-kit-6-pares-meias-puma-cano-medio-alto-atoalhada-original-_JM#c_container_id=not_apply&c_id=%2Fsplinter%2Fcarouseldynamicitem&c_element_order=2&c_campaign=calcados-roupas-e-bolsas&c_label=%2Fsplinter%2Fcarouseldynamicitem&c_uid=83099c02-2ace-11f0-896c-ef58f407f176&c_element_id=83099c02-2ace-11f0-896c-ef58f407f176&c_global_position=10,https://http2.mlstatic.com/D_Q_NP_617361-MLB54128842596_032023-P.webp,2025-05-06 20:04:50.205833
Mercado Livre,"Calçados, Roupas e Bolsas",Olympikus Casual Easy 2 Feminino Adultos 43605213_2-030,3,169,https://www.mercadolivre.com.br/olympikus-casual-easy-2-feminino-adultos-436052132-030/p/MLB24538920#c_container_id=not_apply&c_id=%2Fsplinter%2Fcarouseldynamicitem&c_element_order=3&c_campaign=calcados-roupas-e-bolsas&c_label=%2Fsplinter%2Fcarouseldynamicitem&c_uid=83099c03-2ace-11f0-896c-ef58f407f176&c_element_id=83099c03-2ace-11f0-896c-ef58f407f176&c_global_position=10,https://http2.mlstatic.com/D_Q_NP_976196-MLU79166475475_092024-P.webp,2025-05-06 20:04:50.205833
Mercado Livre,"Calçados, Roupas e Bolsas",Pochete Esportiva Garrafa Slim Impermeável Porta Celular Cor Rosa Desenho Do Tecido Lisa,4,19,https://www.mercadolivre.com.br/pochete-esportiva-garrafa-slim-impermeavel-porta-celular-cor-rosa-desenho-do-tecido-lisa/p/MLB48477532#c_container_id=not_apply&c_id=%2Fsplinter%2Fcarouseldynamicitem&c_element_order=4&c_campaign=calcados-roupas-e-bolsas&c_label=%2Fsplinter%2Fcarouseldynamicitem&c_uid=83099c04-2ace-11f0-896c-ef58f407f176&c_element_id=83099c04-2ace-11f0-896c-ef58f407f176&c_global_position=10,https://http2.mlstatic.com/D_Q_NP_769884-MLA83503141888_042025-P.webp,2025-05-06 20:04:50.205833
Mercado Livre,"Calçados, Roupas e Bolsas",Calça Cargo Jogger Jeans Feminina Cintura Alta Com Lycra,5,69,https://produto.mercadolivre.com.br/MLB-3673376894-calca-cargo-jogger-jeans-feminina-cintura-alta-com-lycra-_JM#c_container_id=not_apply&c_id=%2Fsplinter%2Fcarouseldynamicitem&c_element_order=5&c_campaign=calcados-roupas-e-bolsas&c_label=%2Fsplinter%2Fcarouseldynamicitem&c_uid=83099c05-2ace-11f0-896c-ef58f407f176&c_element_id=83099c05-2ace-11f0-896c-ef58f407f176&c_global_position=10,https://http2.mlstatic.com/D_Q_NP_870119-MLB81967250742_022025-P.webp,2025-05-06 20:04:50.205833
Mercado Livre,"Calçados, Roupas e Bolsas",Kit 3 Camisetas Térmicas Masculina Segunda Pele Camisa Uv50-,6,76,https://produto.mercadolivre.com.br/MLB-1886834300-kit-3-camisetas-termicas-masculina-segunda-pele-camisa-uv50--_JM#c_container_id=not_apply&c_id=%2Fsplinter%2Fcarouseldynamicitem&c_element_order=6&c_campaign=calcados-roupas-e-bolsas&c_label=%2Fsplinter%2Fcarouseldynamicitem&c_uid=83099c06-2ace-11f0-896c-ef58f407f176&c_element_id=83099c06-2ace-11f0-896c-ef58f407f176&c_global_position=10,https://http2.mlstatic.com/D_Q_NP_776538-MLB74559730151_022024-P.webp,2025-05-06 20:04:50.205833
Mercado Livre,"Calçados, Roupas e Bolsas",Tênis Masculino Olymp Olimp Space Caminhada Barato Promoção,7,71,https://produto.mercadolivre.com.br/MLB-1464164872-tnis-masculino-olymp-olimp-space-caminhada-barato-promoco-_JM#c_container_id=not_apply&c_id=%2Fsplinter%2Fcarouseldynamicitem&c_element_order=7&c_campaign=calcados-roupas-e-bolsas&c_label=%2Fsplinter%2Fcarouseldynamicitem&c_uid=83099c07-2ace-11f0-896c-ef58f407f176&c_element_id=83099c07-2ace-11f0-896c-ef58f407f176&c_global_position=10,https://http2.mlstatic.com/D_Q_NP_676156-MLB74284527185_012024-P.webp,2025-05-06 20:04:50.205833
Mercado Livre,"Calçados, Roupas e Bolsas",Toalha De Banho Buddemeyer 100% Algodão Extra Soft 70x135cm Cor Rosa Lisa,8,54,https://www.mercadolivre.com.br/toalha-de-banho-buddemeyer-100-algodo-extra-soft-70x135cm-cor-rosa-lisa/p/MLB34958569#c_container_id=not_apply&c_id=%2Fsplinter%2Fcarouseldynamicitem&c_element_order=8&c_campaign=calcados-roupas-e-bolsas&c_label=%2Fsplinter%2Fcarouseldynamicitem&c_uid=83099c08-2ace-11f0-896c-ef58f407f176&c_element_id=83099c08-2ace-11f0-896c-ef58f407f176&c_global_position=10,https://http2.mlstatic.com/D_Q_NP_690273-MLU75258961922_032024-P.webp,2025-05-06 20:04:50.205833
Mercado Livre,"Calçados, Roupas e Bolsas",Bolsa tote Duart's Lorena - caramelo,9,37,https://www.mercadolivre.com.br/bolsa-tote-duarts-lorena-caramelo/p/MLB19036410#c_container_id=not_apply&c_id=%2Fsplinter%2Fcarouseldynamicitem&c_element_order=9&c_campaign=calcados-roupas-e-bolsas&c_label=%2Fsplinter%2Fcarouseldynamicitem&c_uid=83099c09-2ace-11f0-896c-ef58f407f176&c_element_id=83099c09-2ace-11f0-896c-ef58f407f176&c_global_position=10,https://http2.mlstatic.com/D_Q_NP_850897-MLU78084583546_082024-P.webp,2025-05-06 20:04:50.205833
Mercado Livre,"Calçados, Roupas e Bolsas",Kit 6 Cuecas Box Boxer Lupo Sem Costura Basic Microfibra 436,10,149,https://produto.mercadolivre.com.br/MLB-1010954920-kit-6-cuecas-box-boxer-lupo-sem-costura-basic-microfibra-436-_JM#c_container_id=not_apply&c_id=%2Fsplinter%2Fcarouseldynamicitem&c_element_order=10&c_campaign=calcados-roupas-e-bolsas&c_label=%2Fsplinter%2Fcarouseldynamicitem&c_uid=83099c0a-2ace-11f0-896c-ef58f407f176&c_element_id=83099c0a-2ace-11f0-896c-ef58f407f176&c_global_position=10,https://http2.mlstatic.com/D_Q_NP_738813-MLB83279416363_032025-P.webp,2025-05-06 20:04:50.205833
Mercado Livre,"Calçados, Roupas e Bolsas",Kit 10 Cuecas Box Boxer Microfibra Original Qualidade,11,66,https://produto.mercadolivre.com.br/MLB-1801841816-kit-10-cuecas-box-boxer-microfibra-original-qualidade-_JM#c_container_id=not_apply&c_id=%2Fsplinter%2Fcarouseldynamicitem&c_element_order=11&c_campaign=calcados-roupas-e-bolsas&c_label=%2Fsplinter%2Fcarouseldynamicitem&c_uid=83099c0b-2ace-11f0-896c-ef58f407f176&c_element_id=83099c0b-2ace-11f0-896c-ef58f407f176&c_global_position=10,https://http2.mlstatic.com/D_Q_NP_795990-MLB50600174029_072022-P.webp,2025-05-06 20:04:50.205833
Mercado Livre,"Calçados, Roupas e Bolsas",1000 Pcs Argola Chaveiro C/ Corrente 25mm + Elo 8mm 1000 Pçs,12,254,https://www.mercadolivre.com.br/1000-pcs-argola-chaveiro-c-corrente-25mm-elo-8mm-1000-pcs/p/MLB38439622#c_container_id=not_apply&c_id=%2Fsplinter%2Fcarouseldynamicitem&c_element_order=12&c_campaign=calcados-roupas-e-bolsas&c_label=%2Fsplinter%2Fcarouseldynamicitem&c_uid=83099c0c-2ace-11f0-896c-ef58f407f176&c_element_id=83099c0c-2ace-11f0-896c-ef58f407f176&c_global_position=10,https://http2.mlstatic.com/D_Q_NP_908625-MLA80556307472_112024-P.webp,2025-05-06 20:04:50.205833
Mercado Livre,"Calçados, Roupas e Bolsas",Nécessaire Feminina Grande Maquiagem Cosméticos Bolsa Viagem Cor Preto tecido Liso,13,19,https://www.mercadolivre.com.br/necessaire-feminina-grande-maquiagem-cosmeticos-bolsa-viagem-cor-preto-tecido-liso/p/MLB24768579#c_container_id=not_apply&c_id=%2Fsplinter%2Fcarouseldynamicitem&c_element_order=13&c_campaign=calcados-roupas-e-bolsas&c_label=%2Fsplinter%2Fcarouseldynamicitem&c_uid=83099c0d-2ace-11f0-896c-ef58f407f176&c_element_id=83099c0d-2ace-11f0-896c-ef58f407f176&c_global_position=10,https://http2.mlstatic.com/D_Q_NP_601649-MLU72836541395_112023-P.webp,2025-05-06 20:04:50.205833
Mercado Livre,"Calçados, Roupas e Bolsas",Olympikus Voa 2 2 Feminino 43533261,14,254,https://www.mercadolivre.com.br/olympikus-voa-2-2-feminino-43533261/p/MLB46631828#c_container_id=not_apply&c_id=%2Fsplinter%2Fcarouseldynamicitem&c_element_order=14&c_campaign=calcados-roupas-e-bolsas&c_label=%2Fsplinter%2Fcarouseldynamicitem&c_uid=83099c0e-2ace-11f0-896c-ef58f407f176&c_element_id=83099c0e-2ace-11f0-896c-ef58f407f176&c_global_position=10,https://http2.mlstatic.com/D_Q_NP_670585-MLA82818048167_032025-P.webp,2025-05-06 20:04:50.205833
Mercado Livre,"Calçados, Roupas e Bolsas",Olympikus Treino Venum Sem gênero Adultos,15,142,https://www.mercadolivre.com.br/olympikus-treino-venum-sem-gnero-adultos/p/MLB28765753#c_container_id=not_apply&c_id=%2Fsplinter%2Fcarouseldynamicitem&c_element_order=15&c_campaign=calcados-roupas-e-bolsas&c_label=%2Fsplinter%2Fcarouseldynamicitem&c_uid=83099c0f-2ace-11f0-896c-ef58f407f176&c_element_id=83099c0f-2ace-11f0-896c-ef58f407f176&c_global_position=10,https://http2.mlstatic.com/D_Q_NP_811074-MLA79239567090_092024-P.webp,2025-05-06 20:04:50.205833
Mercado Livre,"Calçados, Roupas e Bolsas",Kit 6 Pares Meias Soquete Invisível Lupo Algodão Unissex,16,47,https://produto.mercadolivre.com.br/MLB-966130534-kit-6-pares-meias-soquete-invisivel-lupo-algodo-unissex-_JM#c_container_id=not_apply&c_id=%2Fsplinter%2Fcarouseldynamicitem&c_element_order=16&c_campaign=calcados-roupas-e-bolsas&c_label=%2Fsplinter%2Fcarouseldynamicitem&c_uid=83099c10-2ace-11f0-896c-ef58f407f176&c_element_id=83099c10-2ace-11f0-896c-ef58f407f176&c_global_position=10,https://http2.mlstatic.com/D_Q_NP_756748-MLB79675885161_092024-P.webp,2025-05-06 20:04:50.205833
Mercado Livre,"Calçados, Roupas e Bolsas",Camisa Social Masculina Slim Fit Luxo Pronta Entrega,17,69,https://produto.mercadolivre.com.br/MLB-791178438-camisa-social-masculina-slim-fit-luxo-pronta-entrega-_JM#c_container_id=not_apply&c_id=%2Fsplinter%2Fcarouseldynamicitem&c_element_order=17&c_campaign=calcados-roupas-e-bolsas&c_label=%2Fsplinter%2Fcarouseldynamicitem&c_uid=83099c11-2ace-11f0-896c-ef58f407f176&c_element_id=83099c11-2ace-11f0-896c-ef58f407f176&c_global_position=10,https://http2.mlstatic.com/D_Q_NP_924959-MLB53095842131_122022-P.webp,2025-05-06 20:04:50.205833
Mercado Livre,"Calçados, Roupas e Bolsas",Camisas Segunda Pele Proteção Solar Uv Termicas Corrida Bike,18,33,https://produto.mercadolivre.com.br/MLB-2650447562-camisas-segunda-pele-proteco-solar-uv-termicas-corrida-bike-_JM#c_container_id=not_apply&c_id=%2Fsplinter%2Fcarouseldynamicitem&c_element_order=18&c_campaign=calcados-roupas-e-bolsas&c_label=%2Fsplinter%2Fcarouseldynamicitem&c_uid=83099c12-2ace-11f0-896c-ef58f407f176&c_element_id=83099c12-2ace-11f0-896c-ef58f407f176&c_global_position=10,https://http2.mlstatic.com/D_Q_NP_926398-MLB49931106231_052022-P.webp,2025-05-06 20:04:50.205833
Mercado Livre,"Calçados, Roupas e Bolsas",Ecooda EC-62222 Lanterna Cabeça Led Para Ciclista Pesca Caminhoneiro Camping Cor da luz Branco,19,32,https://www.mercadolivre.com.br/ecooda-ec-62222-lanterna-cabeca-led-para-ciclista-pesca-caminhoneiro-camping-cor-da-luz-branco/p/MLB21852979#c_container_id=not_apply&c_id=%2Fsplinter%2Fcarouseldynamicitem&c_element_order=19&c_campaign=calcados-roupas-e-bolsas&c_label=%2Fsplinter%2Fcarouseldynamicitem&c_uid=83099c13-2ace-11f0-896c-ef58f407f176&c_element_id=83099c13-2ace-11f0-896c-ef58f407f176&c_global_position=10,https://http2.mlstatic.com/D_Q_NP_623666-MLB74111594693_012024-P.webp,2025-05-06 20:04:50.205833
Mercado Livre,"Calçados, Roupas e Bolsas",Óculos Juliet Metal Ferro Mandrake Grafite Lente Azul Cor da lente Azul-claro Desenho Lupa,20,43,https://www.mercadolivre.com.br/oculos-juliet-metal-ferro-mandrake-grafite-lente-azul-cor-da-lente-azul-claro-desenho-lupa/p/MLB27846984#c_container_id=not_apply&c_id=%2Fsplinter%2Fcarouseldynamicitem&c_element_order=20&c_campaign=calcados-roupas-e-bolsas&c_label=%2Fsplinter%2Fcarouseldynamicitem&c_uid=83099c14-2ace-11f0-896c-ef58f407f176&c_element_id=83099c14-2ace-11f0-896c-ef58f407f176&c_global_position=10,https://http2.mlstatic.com/D_Q_NP_898359-MLU77324180151_062024-P.webp,2025-05-06 20:04:50.205833
Mercado Livre,Acessórios para Veículos,Tag Ultrapasse - Pagamento De Pedágios E Estacionamentos,1,19,https://produto.mercadolivre.com.br/MLB-5314914634-tag-ultrapasse-pagamento-de-pedagios-e-estacionamentos-_JM#c_container_id=not_apply&c_id=%2Fsplinter%2Fcarouseldynamicitem&c_element_order=1&c_campaign=acessorios-para-veiculos&c_label=%2Fsplinter%2Fcarouseldynamicitem&c_uid=83099c15-2ace-11f0-896c-ef58f407f176&c_element_id=83099c15-2ace-11f0-896c-ef58f407f176&c_global_position=11,https://http2.mlstatic.com/D_Q_NP_867320-MLB80681288444_112024-P.webp,2025-05-06 20:04:50.205833
Mercado Livre,Acessórios para Veículos,Modulo Taramps Ts400x4 Amplificador 400w Digital 400rms 4 Canais T400 Ts 400 2 Ohms Som Estereo Entrada Rca Potencia para Carro Moto Caminhonete,2,189,https://www.mercadolivre.com.br/modulo-taramps-ts400x4-amplificador-400w-digital-400rms-4-canais-t400-ts-400-2-ohms-som-estereo-entrada-rca-potencia-para-carro-moto-caminhonete/p/MLB23448494#c_container_id=not_apply&c_id=%2Fsplinter%2Fcarouseldynamicitem&c_element_order=2&c_campaign=acessorios-para-veiculos&c_label=%2Fsplinter%2Fcarouseldynamicitem&c_uid=83099c16-2ace-11f0-896c-ef58f407f176&c_element_id=83099c16-2ace-11f0-896c-ef58f407f176&c_global_position=11,https://http2.mlstatic.com/D_Q_NP_913620-MLU75433656823_032024-P.webp,2025-05-06 20:04:50.205833
Mercado Livre,Acessórios para Veículos,Som rádio automotivo bluetooth usb card sd aux fm mp3 H-tech,3,58,https://www.mercadolivre.com.br/som-radio-automotivo-bluetooth-usb-card-sd-aux-fm-mp3-h-tech/p/MLB25927374#c_container_id=not_apply&c_id=%2Fsplinter%2Fcarouseldynamicitem&c_element_order=3&c_campaign=acessorios-para-veiculos&c_label=%2Fsplinter%2Fcarouseldynamicitem&c_uid=83099c17-2ace-11f0-896c-ef58f407f176&c_element_id=83099c17-2ace-11f0-896c-ef58f407f176&c_global_position=11,https://http2.mlstatic.com/D_Q_NP_994206-MLU78267154609_082024-P.webp,2025-05-06 20:04:50.205833
Mercado Livre,Acessórios para Veículos,Capacete para moto integral ASX City Preto fosco tamanho 58 M,4,395,https://www.mercadolivre.com.br/capacete-para-moto-integral-asx-city-preto-fosco-tamanho-58-m/p/MLB29577528#c_container_id=not_apply&c_id=%2Fsplinter%2Fcarouseldynamicitem&c_element_order=4&c_campaign=acessorios-para-veiculos&c_label=%2Fsplinter%2Fcarouseldynamicitem&c_uid=83099c18-2ace-11f0-896c-ef58f407f176&c_element_id=83099c18-2ace-11f0-896c-ef58f407f176&c_global_position=11,https://http2.mlstatic.com/D_Q_NP_748988-MLA81614177690_012025-P.webp,2025-05-06 20:04:50.205833
Mercado Livre,Acessórios para Veículos,Shampoo Lava Moto Det Mol 20 Litros Sandet Limpeza Pesada,5,329,https://www.mercadolivre.com.br/shampoo-lava-moto-det-mol-20-litros-sandet-limpeza-pesada/p/MLB36414309#c_container_id=not_apply&c_id=%2Fsplinter%2Fcarouseldynamicitem&c_element_order=5&c_campaign=acessorios-para-veiculos&c_label=%2Fsplinter%2Fcarouseldynamicitem&c_uid=83099c19-2ace-11f0-896c-ef58f407f176&c_element_id=83099c19-2ace-11f0-896c-ef58f407f176&c_global_position=11,https://http2.mlstatic.com/D_Q_NP_754832-MLU75940256408_042024-P.webp,2025-05-06 20:04:50.205833
Mercado Livre,Acessórios para Veículos,Carregador de bateria Automotivo 12V 2A Carro Moto Fonte inteligente Automático Bivolt Inmetro Smartcharger 4x4sc,6,80,https://www.mercadolivre.com.br/carregador-de-bateria-automotivo-12v-2a-carro-moto-fonte-inteligente-automatico-bivolt-inmetro-smartcharger-4x4sc/p/MLB46284118#c_container_id=not_apply&c_id=%2Fsplinter%2Fcarouseldynamicitem&c_element_order=6&c_campaign=acessorios-para-veiculos&c_label=%2Fsplinter%2Fcarouseldynamicitem&c_uid=83099c1a-2ace-11f0-896c-ef58f407f176&c_element_id=83099c1a-2ace-11f0-896c-ef58f407f176&c_global_position=11,https://http2.mlstatic.com/D_Q_NP_892463-MLA82913450112_032025-P.webp,2025-05-06 20:04:50.205833
Mercado Livre,Acessórios para Veículos,Cadeira Para Automóvel 9 A 36kg Preto E Vermelho Styll Baby,7,299,https://www.mercadolivre.com.br/cadeira-para-automovel-9-a-36kg-preto-e-vermelho-styll-baby/p/MLB20317913#c_container_id=not_apply&c_id=%2Fsplinter%2Fcarouseldynamicitem&c_element_order=7&c_campaign=acessorios-para-veiculos&c_label=%2Fsplinter%2Fcarouseldynamicitem&c_uid=83099c1b-2ace-11f0-896c-ef58f407f176&c_element_id=83099c1b-2ace-11f0-896c-ef58f407f176&c_global_position=11,https://http2.mlstatic.com/D_Q_NP_611148-MLU74842099652_032024-P.webp,2025-05-06 20:04:50.205833
Mercado Livre,Acessórios para Veículos,Central Multimídia First Option 7810h Com Espelhamento E Bluetooth Cor Preto,8,199,https://www.mercadolivre.com.br/central-multimidia-first-option-7810h-com-espelhamento-e-bluetooth-cor-preto/p/MLB28529822#c_container_id=not_apply&c_id=%2Fsplinter%2Fcarouseldynamicitem&c_element_order=8&c_campaign=acessorios-para-veiculos&c_label=%2Fsplinter%2Fcarouseldynamicitem&c_uid=83099c1c-2ace-11f0-896c-ef58f407f176&c_element_id=83099c1c-2ace-11f0-896c-ef58f407f176&c_global_position=11,https://http2.mlstatic.com/D_Q_NP_672209-MLA82794405346_032025-P.webp,2025-05-06 20:04:50.205833
Mercado Livre,Acessórios para Veículos,Capacete New Liberty Three 60 Preto Fosco Pro Tork,9,115,https://www.mercadolivre.com.br/capacete-new-liberty-three-60-preto-fosco-pro-tork/p/MLB18464304#c_container_id=not_apply&c_id=%2Fsplinter%2Fcarouseldynamicitem&c_element_order=9&c_campaign=acessorios-para-veiculos&c_label=%2Fsplinter%2Fcarouseldynamicitem&c_uid=83099c1d-2ace-11f0-896c-ef58f407f176&c_element_id=83099c1d-2ace-11f0-896c-ef58f407f176&c_global_position=11,https://http2.mlstatic.com/D_Q_NP_861037-MLA47634311525_092021-P.webp,2025-05-06 20:04:50.205833
Mercado Livre,Acessórios para Veículos,Limpa Rodas Izer Vonixx Descontaminante Ferroso Remove Ferrugem Ph Neutro,10,34,https://www.mercadolivre.com.br/limpa-rodas-izer-vonixx-descontaminante-ferroso-remove-ferrugem-ph-neutro/p/MLB26677215#c_container_id=not_apply&c_id=%2Fsplinter%2Fcarouseldynamicitem&c_element_order=10&c_campaign=acessorios-para-veiculos&c_label=%2Fsplinter%2Fcarouseldynamicitem&c_uid=83099c1e-2ace-11f0-896c-ef58f407f176&c_element_id=83099c1e-2ace-11f0-896c-ef58f407f176&c_global_position=11,https://http2.mlstatic.com/D_Q_NP_653458-MLU73803923666_012024-P.webp,2025-05-06 20:04:50.205833
Mercado Livre,Acessórios para Veículos,Modulo Taramps TL 1500 390w 2 Ohms Rca e Entrada Fio tl1500 2 Canais Estéreo 95 Watts Rms 2 Ohms e 1 Canal Sub 200 Watts Rms 4 Ohms Potencia Som Automotivo Amplificador Para Carro Moto Caminhonete,11,181,https://www.mercadolivre.com.br/modulo-taramps-tl-1500-390w-2-ohms-rca-e-entrada-fio-tl1500-2-canais-estereo-95-watts-rms-2-ohms-e-1-canal-sub-200-watts-rms-4-ohms-potencia-som-automotivo-amplificador-para-carro-moto-caminhonete/p/MLB24000795#c_container_id=not_apply&c_id=%2Fsplinter%2Fcarouseldynamicitem&c_element_order=11&c_campaign=acessorios-para-veiculos&c_label=%2Fsplinter%2Fcarouseldynamicitem&c_uid=83099c1f-2ace-11f0-896c-ef58f407f176&c_element_id=83099c1f-2ace-11f0-896c-ef58f407f176&c_global_position=11,https://http2.mlstatic.com/D_Q_NP_691524-MLU74995128468_032024-P.webp,2025-05-06 20:04:50.205833
Mercado Livre,Acessórios para Veículos,"Aspirador Automotivo Portátil 12V WAP CAR 12V2 com Filtro HEPA e Cabo de 3,7m",12,107,https://www.mercadolivre.com.br/aspirador-automotivo-portatil-12v-wap-car-12v2com-filtro-hepa-e-cabo-de-37m/p/MLB26814317#c_container_id=not_apply&c_id=%2Fsplinter%2Fcarouseldynamicitem&c_element_order=12&c_campaign=acessorios-para-veiculos&c_label=%2Fsplinter%2Fcarouseldynamicitem&c_uid=83099c20-2ace-11f0-896c-ef58f407f176&c_element_id=83099c20-2ace-11f0-896c-ef58f407f176&c_global_position=11,https://http2.mlstatic.com/D_Q_NP_951648-MLU75357950125_032024-P.webp,2025-05-06 20:04:50.205833
Mercado Livre,Acessórios para Veículos,Modulo Taramps Ts 1200 Rms TS1200X4 Amplificador 2 Ohms 1200 watts 4 Canais Som Automotivo 1200 watts,13,501,https://www.mercadolivre.com.br/modulo-taramps-ts-1200-rms-ts1200x4-amplificador-2-ohms-1200-watts-4-canais-som-automotivo-1200-watts/p/MLB37652283#c_container_id=not_apply&c_id=%2Fsplinter%2Fcarouseldynamicitem&c_element_order=13&c_campaign=acessorios-para-veiculos&c_label=%2Fsplinter%2Fcarouseldynamicitem&c_uid=83099c21-2ace-11f0-896c-ef58f407f176&c_element_id=83099c21-2ace-11f0-896c-ef58f407f176&c_global_position=11,https://http2.mlstatic.com/D_Q_NP_629518-MLA81538634695_122024-P.webp,2025-05-06 20:04:50.205833
Mercado Livre,Acessórios para Veículos,Luva X11 Blackout 2 Cano Curto Preta Com Protetor Cor Preto Tamanho 3G,14,90,https://www.mercadolivre.com.br/luva-x11-blackout-2-cano-curto-preta-com-protetor-cor-preto-tamanho-3g/p/MLB27083931#c_container_id=not_apply&c_id=%2Fsplinter%2Fcarouseldynamicitem&c_element_order=14&c_campaign=acessorios-para-veiculos&c_label=%2Fsplinter%2Fcarouseldynamicitem&c_uid=83099c22-2ace-11f0-896c-ef58f407f176&c_element_id=83099c22-2ace-11f0-896c-ef58f407f176&c_global_position=11,https://http2.mlstatic.com/D_Q_NP_783906-MLU72004926711_092023-P.webp,2025-05-06 20:04:50.205833
Mercado Livre,Acessórios para Veículos,2 Pneus Aro 29x2.10 Eruption Levorin Bicicleta Mtb Balão Cor Preto,15,145,https://www.mercadolivre.com.br/2-pneus-aro-29x210-eruption-levorin-bicicleta-mtb-balo-cor-preto/p/MLB27282051#c_container_id=not_apply&c_id=%2Fsplinter%2Fcarouseldynamicitem&c_element_order=15&c_campaign=acessorios-para-veiculos&c_label=%2Fsplinter%2Fcarouseldynamicitem&c_uid=83099c23-2ace-11f0-896c-ef58f407f176&c_element_id=83099c23-2ace-11f0-896c-ef58f407f176&c_global_position=11,https://http2.mlstatic.com/D_Q_NP_693415-MLU71933151961_092023-P.webp,2025-05-06 20:04:50.205833
Mercado Livre,Acessórios para Veículos,"Som automotivo First Option 8850B com USB, bluetooth e leitor de cartão SD",16,55,https://www.mercadolivre.com.br/som-automotivo-first-option-8850b-com-usb-bluetooth-e-leitor-de-carto-sd/p/MLB23210602#c_container_id=not_apply&c_id=%2Fsplinter%2Fcarouseldynamicitem&c_element_order=16&c_campaign=acessorios-para-veiculos&c_label=%2Fsplinter%2Fcarouseldynamicitem&c_uid=83099c24-2ace-11f0-896c-ef58f407f176&c_element_id=83099c24-2ace-11f0-896c-ef58f407f176&c_global_position=11,https://http2.mlstatic.com/D_Q_NP_804876-MLA81225807284_122024-P.webp,2025-05-06 20:04:50.205833
Mercado Livre,Acessórios para Veículos,Kit 2 Alto Falantes Jbl 6pol E 6x9 + Modulo Taramps Ds800x4 Cor Preto,17,1,https://www.mercadolivre.com.br/kit-2-alto-falantes-jbl-6pol-e-6x9-modulo-taramps-ds800x4-cor-preto/p/MLB46565439#c_container_id=not_apply&c_id=%2Fsplinter%2Fcarouseldynamicitem&c_element_order=17&c_campaign=acessorios-para-veiculos&c_label=%2Fsplinter%2Fcarouseldynamicitem&c_uid=83099c25-2ace-11f0-896c-ef58f407f176&c_element_id=83099c25-2ace-11f0-896c-ef58f407f176&c_global_position=11,https://http2.mlstatic.com/D_Q_NP_886882-MLA82810433521_032025-P.webp,2025-05-06 20:04:50.205833
Mercado Livre,Acessórios para Veículos,Capacete Fw3 Integral Fechado Gtx Fox C/ Óculos Interno Cor Azul tiffany Tamanho do capacete 58,18,419,https://www.mercadolivre.com.br/capacete-fw3-integral-fechado-gtx-fox-c-oculos-interno-cor-azul-tiffany-tamanho-do-capacete-58/p/MLB23283665#c_container_id=not_apply&c_id=%2Fsplinter%2Fcarouseldynamicitem&c_element_order=18&c_campaign=acessorios-para-veiculos&c_label=%2Fsplinter%2Fcarouseldynamicitem&c_uid=83099c26-2ace-11f0-896c-ef58f407f176&c_element_id=83099c26-2ace-11f0-896c-ef58f407f176&c_global_position=11,https://http2.mlstatic.com/D_Q_NP_607276-MLU78003406424_082024-P.webp,2025-05-06 20:04:50.205833
Mercado Livre,Acessórios para Veículos,Aditivo para óleo de motor Bardahl B12 Plus 500 ml,19,34,https://www.mercadolivre.com.br/aditivo-para-oleo-de-motor-bardahl-b12-plus-500-ml/p/MLB24720050#c_container_id=not_apply&c_id=%2Fsplinter%2Fcarouseldynamicitem&c_element_order=19&c_campaign=acessorios-para-veiculos&c_label=%2Fsplinter%2Fcarouseldynamicitem&c_uid=83099c27-2ace-11f0-896c-ef58f407f176&c_element_id=83099c27-2ace-11f0-896c-ef58f407f176&c_global_position=11,https://http2.mlstatic.com/D_Q_NP_870517-MLU76945933039_062024-P.webp,2025-05-06 20:04:50.205833
Mercado Livre,Acessórios para Veículos,Assento infantil para carro Protege mesclado cinza Burigotto,20,129,https://www.mercadolivre.com.br/assento-infantil-para-carro-protege-mesclado-cinza-burigotto/p/MLB16091842#c_container_id=not_apply&c_id=%2Fsplinter%2Fcarouseldynamicitem&c_element_order=20&c_campaign=acessorios-para-veiculos&c_label=%2Fsplinter%2Fcarouseldynamicitem&c_uid=83099c28-2ace-11f0-896c-ef58f407f176&c_element_id=83099c28-2ace-11f0-896c-ef58f407f176&c_global_position=11,https://http2.mlstatic.com/D_Q_NP_686163-MLU74696435586_022024-P.webp,2025-05-06 20:04:50.205833
